"","V1","V2","V3","V4","V5"
"1",-0.818101302570196,0.550509394264477,0.772176459672016,-1.63936578254484,1.35500931201418
"2",0.441330661967399,0.239377174254696,-0.0192938869928929,-0.274131967124117,-0.041373187701588
"3",-1.94701188525678,-0.360416288584148,-0.647983613243344,-0.0556772003122659,0.199058826493508
"4",0.308937529715311,-0.560841312952746,0.115322989437339,-0.859927659238967,0.62007980750549
"5",-0.110098719942041,-0.729909626042859,0.983402010616663,-0.0294400289646823,0.402222773472461
"6",1.05017052240913,1.78041207060729,-0.197654050421538,0.73861198127182,0.523072380225772
"7",-1.41394799233409,1.04995962863463,0.281004658522136,0.779862293300586,-0.452657666239941
"8",-0.727123004672984,0.51451710645221,-0.546181555008708,0.785097322501708,0.0617677531775876
"9",0.433038641383708,-1.11931189131338,0.669188940474354,0.415110306422839,0.140783976112018
"10",1.86891307659356,1.87211868546739,0.970004510929052,0.412786574247704,-0.314697469608686
"11",-0.781349685230405,-1.04704265540393,-1.28619093238357,0.495472197418175,-0.234917151028469
"12",2.53812790988623,0.0269676629206524,0.69716649980859,0.264785624887545,-0.192105402862821
"13",0.552649434091804,-0.215197662048264,0.901525454342888,0.0134432731858713,-0.000125604756718807
"14",0.250486768493088,2.05024422730611,-0.452572634534003,-0.342664978947087,0.295303949184544
"15",-1.88058290802405,-0.598229332386977,-0.268032882695942,-0.114186966431055,0.143312995087967
"16",-1.65358276164208,-0.810642712597904,-0.73924385208042,0.705131384850804,0.0716805398893298
"17",2.0747292224431,0.74751736232024,0.26179396453293,0.458655432816411,-0.065442047847567
"18",-1.02440823484262,-3.53712602541605,-0.210337016105596,-0.37378257290229,0.233249488815673
"19",2.03081202165013,1.20208325959127,0.769061746576043,-0.442743095034058,0.469833251126319
"20",-0.289760875259356,-0.504923800232637,0.943459951861183,-0.012424642113338,0.224306706924743
"21",-3.84358369858909,-0.728341433257014,0.631201439856723,-0.119395458957895,0.566165533172959
"22",0.701714610875569,-0.0226080615278541,1.12825179011671,0.108362429743412,0.825862003746165
"23",-0.193369218121439,0.743420002706638,0.897676316859763,0.558722027909065,0.763209753557705
"24",0.149018243199816,0.771807930023698,0.451605925361973,-0.745353649967743,1.16323850779784
"25",-2.59257937643388,-0.862677496292876,0.93314222160452,0.355276050474705,0.232303105752037
"26",2.48422473164877,2.51777139711712,-0.0635594096355166,-0.294088318388282,0.396094905678501
"27",-1.18141122519197,0.990502762805801,0.351663263899899,-0.217539073872347,-0.376504455117965
"28",0.619272116582523,1.1590909612495,-0.35152253812626,0.0689283827447721,0.353773962436526
"29",1.5049508528868,-0.835575589163493,0.691458910573548,-0.902590085702228,0.311113753895117
"30",0.199261073109685,-0.60950632519564,0.601349464696218,-0.0694167193478332,-0.11743652531408
"31",2.44774528305118,-1.7507594316109,0.961293786599064,-0.57077564808698,-0.374914917590895
"32",0.844734262375206,0.226196638225296,0.0214822810081096,-0.855516843704986,0.277302407849131
"33",0.79129385514967,1.97046298570261,-0.170188739882607,-0.0360595567451707,0.327973744909314
"34",0.321952450693936,0.530425439523811,0.41157207756495,0.607079254464582,-0.162418279299358
"35",1.35983522444968,-1.46805467410813,0.320471576779494,-0.572988587672914,0.225809545422467
"36",-2.63942473330385,-0.944647488084611,-0.332531684365592,0.216000947796788,-0.0598998823917452
"37",0.705209398668273,0.891590244726158,0.252513332345429,-0.0895526442472138,-0.286145739289194
"38",1.08210385683522,-1.18725028507064,-0.757093699855493,-0.22003276580922,-0.26691818736215
"39",2.08797729495821,-0.357139437334776,1.6412797754324,0.332270985587439,-1.15347512088202
"40",-2.27677351736085,-0.900573515627942,0.589948442353646,0.194422318968483,-0.418941564105468
"41",-2.27407147584776,0.569693543249387,0.302206838662613,0.0982443350858944,-0.629331466938045
"42",-2.41782959248567,-1.40793273072566,1.06748702577442,-0.0751336593755607,0.450777101623676
"43",-1.53553555486821,-0.526470503088964,-1.26254818528698,0.338784552838098,-0.268619482094806
"44",-1.80055434186219,1.10293819545594,0.545778268843409,-0.355823626929759,-0.748929185175119
"45",-2.00063049930771,-0.721616523677193,0.187611944407073,0.0495512942077079,-0.741947255415322
"46",0.328722290691753,0.066252018314366,-0.924757553575196,0.427536508357616,-0.0487693413967462
"47",0.533825421861628,-0.513967483480866,-0.675659903147101,-0.130629098398934,-0.203479284356781
"48",-1.86896194359251,-0.0162499963737257,-0.294632420034468,-0.668662409522779,-0.422297902230888
"49",0.819795346603121,0.900559784956368,-0.272591819976509,0.85952438291849,0.257984673520489
"50",-2.24879739360327,0.0393149553285737,0.509651446183196,0.14701591531193,-0.621866385624461
"51",-0.363510804939369,-1.9843841195459,0.182397193568755,-0.123922457118982,-0.0113280931379967
"52",-1.75694758205217,-1.71750678337474,1.38374039196854,-0.45735822551132,-0.0713451643574748
"53",-0.556818370901392,-0.0521929109885759,0.192240683411454,0.0772703477477987,-0.377791450130012
"54",1.99865538034398,0.796729925511863,-0.422965030993221,0.594366771560809,0.338327355804764
"55",-1.46956922571457,-0.360575009104268,0.503534786625297,0.608314477636794,-0.288156110333087
"56",-0.136996459974193,-0.204540107846227,-0.910450327412677,0.229868196349786,-0.142810613220225
"57",3.30870426480206,-0.973036005391025,1.12510808559105,-0.677503943930414,-0.862057438901849
"58",-1.87300346549863,0.00109575204911294,-0.416939185466852,-0.531145274589178,-0.285869708007836
"59",-0.195909515418296,-0.841083495068286,-0.545107238786053,0.0571992843633313,0.150520142722571
"60",0.697864840947527,0.636784569221558,1.22955016825808,-0.307568482996855,0.418418283880304
"61",-1.45717869289444,0.54238011990486,-0.566133811338393,0.430202090222107,-0.744156801023791
"62",0.140939423174817,0.569368223802931,-0.203085559443757,0.120888410470266,0.340302784738726
"63",-1.25372431047491,-1.00887058019212,-0.525114458351924,0.493119932508146,-0.0821091832321743
"64",1.48338273229074,-0.22531923468367,1.38867127546377,-0.182687867972575,-0.375891023171997
"65",-2.35945708014788,-1.36374819682364,-1.77508150156608,-0.126236170708373,-0.496632012650514
"66",-0.148638887954329,-1.38527118210918,0.748440073114396,-0.087288577627551,0.0202913386092147
"67",2.26313507231523,0.121058776535129,0.265002180571235,0.384126575725894,-0.308150987112411
"68",1.12116692166222,-0.863119311182254,-0.348811796856423,1.06258273149196,-0.0657732177285719
"69",-1.86191801345274,1.93460762725469,-0.925827764362767,-1.08737529875785,-0.762898395011643
"70",1.35469693804327,0.695555966225482,-0.588394701866833,-0.146848446127553,0.156415824134454
"71",1.48891630685002,0.0846588422404269,-0.25127336464311,0.92940422428558,0.100047498231065
"72",1.65365089492117,-1.65543031585881,-0.0344774795093054,-0.549700643557869,0.213697671168287
"73",1.13493568674856,0.253598090756319,-0.910314296672728,-0.671821370132235,0.654034512612552
"74",-1.90011684596318,-0.479347174868596,-1.00310224627284,-0.211052964162273,0.221846300811375
"75",-1.89473131517376,0.417225706264594,-0.919781435154648,0.650363758283884,-0.287302461037293
"76",-2.97888636581869,-0.895541380451931,0.64552896596552,0.351985133431481,0.263414266644542
"77",-0.277332736438292,1.12813524778181,-0.104560591733875,-0.441232727359391,0.0204319333635966
"78",-1.04527993073497,1.14214379989559,-0.454611683597763,0.31998542922563,-0.538121515488661
"79",4.46817877837728,-3.05410493490586,2.30345466246532,-1.75653392792649,-2.22808311940381
"80",-1.10266641902598,-1.18097763147028,0.416403961618597,-0.070867511953877,0.137492946325755
"81",0.562347194162907,0.359899999661657,1.61268431020516,0.806546777138027,-0.839025864149767
"82",-0.770981624605631,0.51110205550569,0.802877713255149,-0.0348035162423396,-0.808116093032867
"83",0.477167602420093,0.52464236451945,1.09967694895905,0.0439916195038909,-0.47012286015311
"84",-2.72528263539632,0.212246706941717,-0.580366348975666,0.32256578366037,-0.711586315192371
"85",-1.43428109009899,1.30998935908304,0.55258764283432,0.067883755832904,-0.405500350499638
"86",-2.8701028653255,-0.250445108200788,-1.48596390831391,0.126931895853476,-1.07373859481586
"87",-0.684547920798516,1.6036894475955,0.459054072908368,0.041833138020843,0.561359574791255
"88",-3.97258349373347,-0.875720665077124,0.488016100821696,-0.448599361588278,-0.553669645611669
"89",1.96593458636561,-0.925867022643289,0.0300538912286021,0.517366269201506,0.175589180620916
"90",-0.717344380052126,-0.695365562610762,0.346926568330768,-0.380926791329375,-0.22584788750354
"91",-0.217751791614428,1.58698336815612,0.597776440083566,0.0389629655211149,-0.0547851379120899
"92",-1.53793650177426,-0.579658541857377,0.946818518584438,-0.355792725058444,0.0607091020067128
"93",1.81922250124695,1.10324669632972,0.698845677110134,-0.0520433318880795,0.115895688662139
"94",-0.999629648705523,0.342110358991843,0.858509589898809,0.152654740129305,-0.0646740865264908
"95",2.04527077249401,0.653010668677009,1.06556407691724,0.290714469422054,-0.355548192365812
"96",1.79698953771029,0.199840734185892,-0.342412798992134,0.577090714491296,-0.112440258025637
"97",-0.253122044651782,0.752686855025584,0.740312428019528,-0.0237553404750111,-0.0989806389618638
"98",-2.17784240123615,0.476865793237577,0.861224284379089,0.742195815042728,-0.315455358711937
"99",-1.21729612464861,-1.64118855616659,0.380000301169681,0.0747946046492427,-0.101301171793336
"100",0.00557655663431164,1.69260586060147,0.79466359569842,-0.547732550677086,0.284694523695021
"101",-1.30883521859134,-0.11067021320329,0.929419200526521,0.920101087608398,-0.12550755001727
"102",-0.550399525574733,-2.6147610180959,-0.836715182444914,0.59289180146716,1.47397137783932
"103",0.16492889546594,0.80481172466781,1.1867350165131,0.483924591083164,-0.266105640056201
"104",-0.132498735985399,0.561755965706669,0.92500223561454,0.633968979567741,0.127786240815739
"105",-0.686664265588905,0.858294850703944,1.30055910648679,0.464965557964548,0.536157940339843
"106",0.530396689272914,1.24607175926943,1.29449734227256,0.827393449785856,-0.686660437111748
"107",-0.424203137409037,-1.70465278426675,1.54024884484147,-0.44150985100522,-0.0617841450213231
"108",-1.63390366332005,-0.530492403731312,0.397885793980455,0.257348314097417,0.270758927339167
"109",2.59599772742499,0.704203272777593,0.194212821963917,0.115428297297662,-0.174367656894187
"110",0.390269172065735,0.772365146253143,0.924429163565017,0.636340123895617,0.028598306927356
"111",-0.742285425888067,-0.853042077033031,0.459114708662993,-0.0888421233297416,0.216922985555661
"112",1.05845672335738,1.41726478406597,1.09229126131696,-0.0046808058170944,0.182354687813078
"113",1.86764979447322,-1.81502482119408,-0.399098189477836,-0.0301142619808592,0.25041119893025
"114",-1.44819362599327,0.353463044411671,0.482971211781596,0.0903399860549511,-0.41590189398766
"115",-1.02947393290918,-1.24957120717412,0.586263617386347,0.21162686681082,-0.232979423117943
"116",1.41558100323143,-1.97356268508804,-0.279552778561291,0.408542191679408,-0.161111829827756
"117",0.96747398039396,1.30956728840226,1.61343800895627,0.523412636464163,-0.361309329103814
"118",-2.51724348844006,-0.877860949479072,0.629462539685266,-0.103814356066729,-0.133213995621415
"119",2.60798764733621,-0.463102014938478,0.0202721770694187,-0.25643970672992,-0.474128894003534
"120",-1.46911830517316,-1.43392650552761,0.469957239474164,0.266405506392462,-0.21686577119842
"121",-0.830415723402867,-0.202631376217538,-1.71003464122614,0.131001026979231,0.343954020538132
"122",0.852744377155123,0.560502724252672,0.203464740947062,-0.320036445594845,0.222387881627249
"123",-1.76325913930928,-0.741963534093704,0.250874699777496,0.182945963410689,0.0243898967349535
"124",-0.718878126339703,1.45381616459921,-1.66889581363289,0.964212714717207,0.322280576116452
"125",-2.10899385550027,-0.0277636173212304,0.276594339358803,-0.0542849470983001,0.353291277048904
"126",0.288164885601872,0.046439761617553,0.322913960582573,0.331714233383154,0.209523934372241
"127",1.42161280569089,-1.26181598171101,0.0356631825300288,0.393479454067388,0.0533021157130827
"128",3.24834617970245,-0.972019302096669,0.864430474492156,-0.511905926363729,-0.584200480652002
"129",1.71891706494305,-1.11240583951409,-1.02196955086433,-0.214903618481561,0.083985617728187
"130",2.92571468574743,0.399982090511736,0.389606042885537,0.965597810365783,0.10568211831793
"131",-1.28533587354964,-1.74543865570203,0.6101789993908,0.453823097118276,0.465250831710476
"132",-2.12623569356761,-2.07199593966555,0.746128872637744,-0.0595856097611753,0.428272241308238
"133",-0.502435731903726,1.79040835659884,0.256428161017657,0.177480825653168,-0.204352836778901
"134",1.290185561194,-0.350771448965885,-1.20487096734994,0.251979895830363,1.12038545496985
"135",-0.839596174467649,0.649333583919952,0.437060000075239,0.23370783527899,0.198868826070126
"136",0.973623365926534,-0.839442992135771,0.335231645769241,0.0107285396681797,-0.11695878097327
"137",0.559405039311057,1.19754899453929,0.410720291612376,-0.611838270210424,0.523647680959386
"138",-0.43558943017348,1.20811115589468,-0.283816492395924,-0.0643051987978109,-0.939194418022273
"139",-1.39154957390055,0.141334566370504,0.373905925885501,-0.126110233902749,0.288606518117552
"140",1.30333690752414,0.763174559860699,0.919525343842509,0.698812190804621,0.108029583011059
"141",-1.20831544553016,0.246395549256216,1.40593742618637,0.677163847313972,0.137184339516706
"142",1.0825906326707,-0.152161132143523,-1.27287191687639,0.249805435175892,0.717263537968038
"143",-0.541640658392465,-0.818031379867822,-1.65927248697203,0.631269038723479,-0.13142433944903
"144",3.72857078921321,-0.213053550490693,0.942598899258639,0.0217941516982751,-0.770199718578195
"145",0.140448134707043,-0.848796824135245,1.50625189180765,-0.403539241550299,0.24238905013981
"146",-2.76242409934326,-0.215954452099064,0.0206781819236199,0.385293235391235,-0.292250372865526
"147",-2.78042982591094,-1.19559137096278,0.0953583170908815,0.0341018918604044,-0.0967521379417119
"148",0.892809168029451,1.87162654779754,1.04552910058862,0.557251242295197,0.356960682090195
"149",-1.54846652631558,0.537725358627003,0.68304570402604,0.154643779767741,-0.124752786345855
"150",1.43685325001486,2.00498077416357,0.159958414732298,0.923738385295164,0.414662198194385
"151",-0.881089196329105,0.497487907084663,0.87197261848973,0.682262130017346,-0.175462487974941
"152",-0.179188478267038,0.559217582652625,0.235797608092599,-0.657182752256701,0.97547463755723
"153",0.421365151004426,-0.860485672414177,-0.400244303520845,0.133806450526624,0.20632297143235
"154",1.58210758248053,0.686800111267524,0.643085413571658,0.152225009662807,0.295161400003604
"155",-0.436903988054291,-0.30700338498211,0.0945997246170488,-0.771699343543111,0.383056484890954
"156",3.6726386877489,-1.09418615887353,0.109590325969078,-0.531560460222271,-0.759179375924257
"157",0.39755042901438,-0.617855196852544,-0.394150044357409,-0.558455810991463,0.281269234356967
"158",1.5246884196296,-0.350780907201402,1.45366243679978,-0.950286964724719,0.0550759640786561
"159",-0.0590642198673256,-3.21253401676921,0.531410671955364,0.27307327870272,0.198937118940493
"160",1.25574977224707,0.656647905502694,1.67426461298955,-0.407747229337628,-0.0922877612212527
"161",-1.21363145802026,-0.446850584223369,1.0240725662128,-0.275807893827508,-0.105332607678562
"162",-0.259529126117391,-0.591876081862096,0.162180758112696,-0.047700181187035,0.222314188806728
"163",-0.817932734585024,-0.946256750748309,1.02275051716775,0.89481362162922,-0.195702635713468
"164",1.27855704533644,0.835615682446589,1.21889552853854,-0.516019182319074,0.0740220941258666
"165",-0.450507828882465,-0.598256192925454,-0.202327662189829,-0.229606861600355,0.224634382000192
"166",-0.347132645304018,1.9697362953352,0.951789109992704,0.396503300608787,-0.251852193059416
"167",-0.3960997281504,-0.321181865707949,1.28439331028786,0.136514859566215,0.524726931870812
"168",2.02919394240217,-0.147170965148655,0.367517952703811,-0.195702322451164,-0.288390311449449
"169",-1.11812980342251,1.26270975309358,-0.338817305321347,-0.8031973116151,-0.697130487368167
"170",0.797213613870181,0.769594969341211,1.10360811188284,-0.941659047428046,-0.340634659425497
"171",-2.66634926261914,-0.764941766749329,0.250334114269198,-0.178199691656812,-0.0897474733852687
"172",0.338989531884591,1.20444627700801,1.31528560236077,-0.110325006372306,0.625211091678902
"173",-0.816268448347713,-0.100277818085399,0.764962688620016,-0.456357244418103,-0.271408947714475
"174",2.26184682019908,0.20097195277286,0.240581381955102,-0.0333287568123679,-0.0343561414299852
"175",-4.15627501650099,-0.320052542040505,-0.485825777588675,-0.195971671033368,-0.752156823710721
"176",-0.317333147173727,-1.3796585044029,-1.64349861196416,0.0911330846374392,0.0685321249706166
"177",0.418213839525198,1.21173862568901,-1.01048522850918,0.76039525842247,-0.0632456473615622
"178",0.778535499016188,-0.313627328379387,-1.01277645070074,0.194198399571638,0.0122033625185444
"179",2.30236757899186,-0.753359875124759,0.418000491099831,-0.0321742206888871,-0.491903839740069
"180",0.544066627161009,-2.301812143746,-0.221488617546459,0.419133115168698,0.177362211353287
"181",-0.448214020261024,1.34748786338706,-2.0780061488902,-0.278438552573409,-0.398569597962187
"182",-0.524807267891151,-1.01598181754424,0.947691286927326,-0.97588463137818,0.00351819922576507
"183",-1.78680400433012,-1.08495073365897,-0.313456959218632,0.187752997976256,0.0887020475029476
"184",-0.346742363544877,1.323771239833,0.22226425390338,-0.181095242242531,0.0257768169051029
"185",-0.223881669843051,-0.657954979198599,0.7791579396832,0.728918180126238,0.0642740794312123
"186",0.680972433676401,1.47444266793744,0.299404371344354,-0.210287861254263,-0.268771897613767
"187",2.71086433281752,-1.31027723357372,0.257825601383591,0.262531893478089,-0.548086168974621
"188",-1.22846803682292,-1.33305099828805,1.41211082648396,-0.1449372352883,0.484597473478948
"189",-2.38648115376912,-0.0910278505509357,0.284874750622619,0.343874946485591,-0.166045359285192
"190",2.07625381246482,0.773881173348188,1.37166018304733,0.0355292554845612,-0.905187024781633
"191",0.848774564191118,-0.461031175052612,-0.194730770677607,0.504231402423874,0.284888463294361
"192",-1.55200527631681,1.27333316113365,0.327491927085633,-0.622689901650158,-0.496809039461418
"193",1.67976901815442,-0.366226334863652,-0.122313415004262,-0.000361897368020114,-0.467831770873247
"194",-2.54199158706756,0.0837616863155732,0.175668254782857,0.302904730486594,0.0487426825569861
"195",1.27386188860049,-0.858443905805993,0.0171396386224185,-1.26451067463582,0.189841610100181
"196",0.562583454360525,0.713818853521048,0.50476318138044,-0.0427589169017303,0.710605224583593
"197",-0.195870693000394,-1.07377012638184,-0.854572004304563,0.356844749414481,0.150205965005533
"198",0.641977362524062,0.510114864891168,0.755666545884402,-0.584514255026904,-0.204223516527747
"199",-2.27758850313163,-1.16700491021667,0.692380923857074,-0.193713022276355,-0.154887742356748
"200",-1.68931618114367,1.47186283769812,0.24590361443542,0.142645601560425,-0.45772615507732
"201",-2.8176201659354,-0.5315631964075,0.205353688379092,-0.104678843779955,-0.428050618511857
"202",-3.14119366974614,-0.216283237272887,0.629139130035984,-0.0625316203587699,-0.535306689570306
"203",-3.76488858938772,-1.3555470630492,0.53128476029985,-0.6670164826073,0.062432985669174
"204",0.635742989581694,1.77020312220899,0.211672735823769,0.494144382901271,-0.290502949346944
"205",-0.87590301101286,-0.669035530118347,0.628233883347879,1.03607207139467,-0.220138480920196
"206",-2.51940254666521,-0.194767260424554,0.600761150735707,0.441179289116733,-0.922096532434154
"207",0.710955194349908,-1.23074969383464,0.642870640974172,1.08723492830007,3.10742195223264
"208",-0.964294095505861,-0.299590514259961,0.681933045915657,0.436559033889292,-0.34090700909967
"209",4.09997542109599,-1.92975632189545,1.09861755794725,-0.357811415790037,-1.28466862302349
"210",1.54002007356604,-0.0689914285551776,-0.0782586981570662,-0.0110445733099893,0.223913378787752
"211",0.0181808081688397,0.74381676626118,0.0907293466424116,0.536411805703712,0.0976616937744171
"212",-0.445650886313126,1.13671462617102,1.20386604857817,0.120494533839464,1.07663971007387
"213",0.0582913561832696,-1.08226599853549,1.09380674318394,0.248618310075225,-0.573039924190457
"214",-0.551639874380727,-0.626678296428003,0.695218051208181,0.0470814841438063,-0.203008750610062
"215",-1.451765554142,0.427851452811448,-0.802602034241492,0.239669858624781,-0.69532172178202
"216",1.02911038105922,0.723753097180431,1.45996765573733,0.467954713984049,-0.158687601822236
"217",-3.11371630063219,-0.0946574717165447,0.831344704154785,0.487945804814151,0.0600638315439621
"218",3.05571473427807,0.936867187288317,0.191438020728875,0.320527651288015,-0.0821976709810749
"219",2.06617281155179,-0.685399555145985,-0.206756642797096,0.941750287863353,-0.558996832252428
"220",-0.170458801037658,-0.450834501547906,-0.568520567181874,-0.975339006520302,0.438032113135757
"221",-0.133210931862225,-0.355859746368895,-0.343393505112894,-0.659597994482381,-0.015531711320548
"222",-0.059151081626226,-0.442343395331219,1.32898897690072,-0.725832008907649,-0.327512310460141
"223",-1.65975555451423,-1.92316669764348,-0.128660182970737,0.0521103114094152,-0.179699600427137
"224",-1.3523993616305,-0.744535388763136,0.0084786720916572,0.459833427764376,-0.195068405986624
"225",1.98188597999788,-1.701497134678,0.378607840532908,-0.668535595267532,0.105470612255899
"226",2.03493417816281,-1.4497058286812,0.145448802855157,0.0495330769085329,-0.531465588709341
"227",-1.47830212439709,1.16327470187678,0.265521259630553,-0.56448376282869,-0.494585271160784
"228",2.23969575773801,-1.16931674039871,1.907709019002,-0.544943019625109,-0.281523332907191
"229",1.75374533494601,-0.411133933147052,-0.614385048878053,-0.236819189942484,-0.257761874063956
"230",0.441513560814887,0.331195068830376,-0.930941979035296,-0.683057307378395,0.936757987759116
"231",1.44104329441016,-0.258656518484524,0.363726609460268,0.682951989479024,-0.118769179009962
"232",-0.295478142069693,-0.838228804856173,-0.195054537578699,0.0732065178579037,-0.0235347121585344
"233",-2.21521341655537,0.0371614076766419,0.853942104995639,0.0432142034655176,-0.0648382835334761
"234",-1.86138993373177,-0.61596410339665,0.824665694968703,0.24663180881328,-0.236066148372308
"235",0.705128859407641,-1.22580623425274,1.15925690576023,0.0799027456556255,-0.384115731588021
"236",0.331558785996655,-0.0303119502428261,-0.221216372820815,0.748722159709252,0.861094365393267
"237",-0.661577186634082,0.310088254707138,-0.75029295975268,0.212586144923557,0.0780341164268965
"238",-0.703998626323909,0.815869821836854,-0.520307990018146,0.515873813747167,0.100472443769923
"239",0.761428769007886,-1.31456314760585,-0.506561041166456,0.251422611585541,0.0931024939661531
"240",1.3164244227878,1.0933580741132,-0.552684779483969,-0.0516671540420895,0.651040303908519
"241",-2.45782307845722,-0.105144510210366,-0.843329091301518,0.405894225642567,-0.242695606543802
"242",0.503385638704739,0.762643046781635,0.111183168907431,-0.486938849389889,0.254645748592289
"243",-0.344368715677434,-0.522167604012362,-0.681729729681382,0.344396081152673,0.389249466777523
"244",1.03696141898028,1.12282903867954,-1.72710439717006,0.455997440337926,0.872390442462702
"245",-1.51388305098359,0.348391268488659,0.206434100116167,-0.0953913493983724,-0.0925877273773072
"246",-0.592205234545237,0.960688216940232,0.674285753541945,-0.231875830269384,0.175597881045489
"247",-2.65598721051675,-1.06402941957551,0.39053124216238,-0.0651194084540259,0.0963487051408778
"248",0.23956963296146,2.34700660090656,0.435931740787659,0.595949747292589,0.156644465298388
"249",-3.04401106870932,0.711288882150196,-0.114641333250221,0.097068985124863,-0.954128040074689
"250",-1.57568716640042,1.19565476404997,0.924032623085886,-0.246639480777118,-0.430894697008026
"251",-2.25666815375758,-1.3363202479819,0.989247935801534,0.274413347869948,0.408425501230205
"252",0.9130443566914,1.50537449358183,0.461082480158603,-0.0799121919819175,0.334814964123877
"253",1.75844948739002,-2.12074628082692,0.148968871198,-0.221988800161521,-0.245474489119948
"254",-2.11565784057778,0.688841847278469,-0.0792643177343755,0.913828304553217,-1.0180649710881
"255",1.23661277493483,0.572114093274053,0.286907740600455,-0.0747444415672296,0.644153447995313
"256",-1.97447946565921,0.464114461486538,-0.567741600316343,0.761077151210083,-0.425398859999806
"257",0.524228521050351,0.113602194323426,0.613076158399996,-0.172410851905865,-0.0775319386707045
"258",-2.00816528093571,-0.309954189464946,-0.139643814571818,0.588559295840942,-0.114516155703161
"259",0.110669493343381,0.0954298225551792,-0.541577537802654,0.487963684486745,0.610409487561017
"260",2.70665320029343,-0.162254171268959,-0.511189221261627,-0.46875954325207,0.418132582770142
"261",-0.0579162835418251,0.664250423153717,0.0804869583260207,-0.232762852198746,0.453895303493673
"262",0.324348373097331,-0.966497520706211,0.893790703214841,-0.679325886119289,-0.0463363422260639
"263",-1.61014633567989,0.55629856780053,-0.131103384194928,-1.99573115393658,0.171617132554265
"264",1.16514720666885,0.0997147968856524,0.693805299772197,-0.499836499121494,0.793335497754223
"265",1.21429285817815,1.73392532532077,-0.195242498902417,-0.427473752907196,0.376723129256935
"266",1.68310453375336,0.504663408447206,-0.0832798868597078,-0.644961720912048,0.613872148742137
"267",0.264897455832599,-0.660624785747023,-0.569688628080218,-0.736212503294192,0.40503183259488
"268",0.117578885651068,0.821402642613681,1.31289229202179,-0.425329681429737,0.365961658200831
"269",0.307736765622292,0.991399384644478,0.904492296453962,-1.01259010796375,0.53495278188036
"270",-0.534934617396885,-1.67986589248225,0.49128562728948,-0.0149238769473372,0.675522632226274
"271",-0.283652774806563,0.228146825158543,0.218980928983731,-0.947273536187857,0.284270474458496
"272",0.512089888464967,0.38355558639232,-0.128923940763462,-0.434053927199648,0.501653871090889
"273",-0.105773006974872,0.422922208535745,0.757355527724527,-0.711444894529894,0.00954847406296125
"274",-1.11117975879658,0.404815691740157,0.518031976805972,-0.269503685364008,0.206559837744159
"275",-0.643337681733179,-0.113344048032964,1.49441813066725,-0.157834058108191,0.498585963208649
"276",1.06469129876532,-0.0168960834071199,-0.408007787462528,-0.945921626803804,-0.2526031664105
"277",0.742011686546942,0.531788835203583,0.641943734976031,0.686367360142782,0.26153386908841
"278",0.830438322969012,0.351094269915459,-0.319630742851806,-0.730616218218747,0.0717226304825421
"279",0.29893123205631,1.38955293309354,1.21541536883268,-0.198891127483289,0.532141730265448
"280",-2.04500008822907,-0.609168806390532,-0.42741214515299,0.336120286436604,0.306141215440871
"281",0.816665948537247,0.91794683036185,-0.573107190271817,1.08477882359121,-0.0321532279774065
"282",2.62229544702469,1.3396049363741,0.893414305435637,-0.200166297830437,-0.386476312020408
"283",0.963461836691466,0.933966036816588,-0.0984746498935103,0.187901327448801,0.506712982008469
"284",0.624654379166334,1.43747686261409,0.148629082943028,0.691664526408666,0.475722213951594
"285",-1.28754789973404,-0.377757178834692,-0.746979264149163,-0.0013001113878659,0.389225018680395
"286",-0.498168113996597,1.69794855469452,-0.202338685731448,-0.679028155307794,0.762322321256985
"287",0.814165640205968,-0.165790706862168,-0.610267262892713,0.478272373656849,0.126535693642123
"288",-2.05155265877468,-0.870458632236935,-0.887710457372627,0.266606716372408,0.311741431523977
"289",-0.0526484913399884,-0.827500284214842,-0.0528002306534149,0.0070529617380759,0.398653190842544
"290",1.7640046814987,-0.237340382135058,0.198669924591594,-0.339254331097397,0.24089986545178
"291",0.816679752826479,-0.404542077374036,-1.19669044716899,0.577994585639849,0.182176516234275
"292",1.73904507663803,0.894353206343786,-0.806678632896679,-0.173107543911813,-0.160652767149156
"293",-1.47072275927312,-0.677300860129069,-1.9096647541133,-0.215659459125843,-0.366843248068651
"294",1.3732159321475,0.11416802025836,0.446634566991481,0.690702793274317,-0.370068482513826
"295",-1.34339497635275,0.903857925226406,0.217605379919424,-0.524408901528014,0.166543412372764
"296",0.000317878339410785,0.313217470635819,-1.38171368364655,-0.797934576783122,-0.202885584120551
"297",-0.904015717584199,0.689432565978136,-0.391304170244492,-0.391926981372218,-0.378406182089112
"298",1.86207185803535,0.156868843444863,-2.48769242132469,0.732839844793744,-0.129241025779212
"299",1.58091769733411,0.93387297297945,0.900669564893251,-0.312598981219282,-0.0384077044178259
"300",-0.980786803246146,0.594373569787642,0.969946403218684,-0.799581504721677,-0.277171456929409
"301",-3.25488645375039,0.626354733813594,-0.750885823033884,-2.74981452835525,-0.925751100607634
"302",1.74925117967022,-0.5033025440152,-2.01153518517727,-0.980409987111632,0.888950657684914
"303",0.669310482251509,-1.30681300982972,-0.449842965191274,-0.195126928373871,-0.0159395578919845
"304",1.76548646717205,-1.29390743669064,-1.65466355337256,-0.415547839280587,-0.104217341966611
"305",2.84826331373989,-0.92059256455335,-1.77341949489918,-0.53317443339335,-0.362248741959561
"306",-1.74661031960392,-0.118492640196851,0.0580297484750094,-0.839317895395918,-0.435044850551453
"307",-1.87629179396905,-0.984426200569958,-0.46697175475036,-0.813665038747958,-0.0899479078938261
"308",3.45719045838347,-0.712013625244849,-0.310881535277632,0.0677449737575201,-0.300772036243556
"309",-2.36876321543081,-0.22157091633543,-1.90679606133373,-2.15114120811444,0.721320781629218
"310",1.60017342857753,1.3840316267144,0.778748877563007,0.517215648373009,-0.179917080484332
"311",-1.61508528252113,-1.04823296909432,-1.39803357641503,-0.0266343462461455,-0.223627455072165
"312",-2.10578445218223,1.7846520790227,-0.35753963323398,0.159801534473733,-0.803838350556409
"313",0.141790324469422,0.347175747794174,-2.2987203846887,0.677411062691556,0.2162503409606
"314",1.19510931733104,1.35038164333554,-0.878159755703212,0.216395746294136,0.113736785870997
"315",-2.01854613505701,0.563508144880732,-0.410184945755675,-0.758853816451139,-0.170206062353892
"316",1.03240247573313,0.481769949912765,-0.236720239635736,0.300619529820268,-0.0840090965381589
"317",-1.75277451856451,-0.131721464047358,-0.12488305924888,0.184160214285329,-0.169045627566715
"318",0.401123698116917,0.492264092822631,-0.791784271534733,-1.16618849313204,0.652953125345892
"319",1.60858097686192,0.0990572270702909,-0.451178430279764,-0.359568205093037,-0.198624964102559
"320",-1.46669636101769,0.316106481370289,-1.19294622531289,-0.0404968281944934,-0.661113586847899
"321",0.305878790784218,0.876687385129426,-0.779614457970538,0.501851340886158,0.259000236832619
"322",-0.985500736632258,0.347303889999437,-1.59323766663196,-1.32634308179474,-0.387158998313782
"323",-0.324178456554242,-0.259353951265616,-0.552071337874255,-0.157924745524478,0.130106495119145
"324",-0.846353854157514,0.431405908796243,-0.520235935713601,-0.810928915261691,0.0964510218364249
"325",-1.74932538545789,1.12117641664369,-0.0848853013934605,-0.262365259644649,-0.429696938790228
"326",0.887210797530672,0.279976032839077,-2.17516437827762,0.11707968011616,-0.241448959724377
"327",-3.08880264884042,-0.324278193012948,-0.496031513795272,-0.0685237474762211,-0.0877468612219844
"328",-4.77007429886201,0.703638684775642,-1.47199927126321,-0.320447038774717,-1.38479297462855
"329",-1.65851137935374,0.678587692972931,-0.982152806461698,-0.301515138909621,-0.400098573285475
"330",-2.48574929205073,-0.399036471295168,-1.64202807042687,-0.13117325309323,-0.59457806397348
"331",1.20756308650608,0.672667267269727,-1.24929642568162,-0.349985830368252,-0.257775063458765
"332",-1.27599385348982,-0.29202945502742,-2.83299987251144,-0.0565427392803139,-0.848011217276498
"333",0.838287685753843,0.979555582977617,0.156570688076213,0.618507700900582,-0.520143928412722
"334",-0.151020991554359,1.41324932510207,0.140300319256191,-0.8963650913204,-0.809214052107123
"335",-2.22112352978871,0.0276116927313266,0.0170266186343602,0.30543258619913,-0.338006261572741
"336",2.74581469443319,0.085089955141924,-1.81411139426613,-0.0582061611878838,0.247217722740403
"337",-0.289020356137999,1.66966607088574,0.155533697548897,0.459677536890725,-0.00614510727707934
"338",1.45618755820981,-0.54754351789188,-0.3785897488253,0.311365326658451,-0.19567233780474
"339",-1.96711567624301,1.92568475294015,-0.717608977030053,-0.397375174552012,-0.10213086085298
"340",3.38509439302337,-1.13162694768427,-1.55809332663846,-0.242299832688154,-0.0994261038649888
"341",2.38438210059602,-0.279583143336669,0.0815951665832243,0.111286678389641,0.121179258079996
"342",3.68741721217333,-1.12236384088236,-0.734021162830198,-0.0947551028119165,-0.0727732298007964
"343",3.55635279656989,-0.788453048670837,0.678464531395171,0.267864929941173,-0.792220146310262
"344",-0.545681976700957,-0.192016703845946,0.0702357014973506,0.915384362413595,0.056917492206202
"345",0.758028347698498,-1.87034165701174,-0.0395920862458316,0.979087848286739,0.882257403158944
"346",0.870233148222184,0.549343336026343,-0.570792816359672,0.504187260938236,0.122224439668455
"347",0.838351118383892,-0.0752736768594947,-0.333731763515159,0.906134426508275,0.120242284827873
"348",3.7818722904995,-0.208454070288529,-0.46568488496931,1.58691752046832,-0.880338345776881
"349",-0.972717249933033,0.655187165442465,0.540827399548631,0.761620675320052,0.148387563351345
"350",-1.16258781873678,-0.14993672816247,-0.581909154905302,-0.361446414850861,-0.150581428343768
"351",0.532930278126402,1.26306097586655,-0.125404585247786,0.686493171428137,0.261507971467539
"352",0.317391558102771,1.05985975507383,0.928979557820304,1.00494673390052,-0.142724543065511
"353",-0.649589288090055,1.59144042824581,-0.150480452014101,0.040488906383506,-0.171041810220248
"354",2.36862102128937,0.0181284667091078,-0.0698216168578829,-0.00853759408209642,-0.147549924123228
"355",-0.979249137540168,-1.7912382928378,-0.429602829741227,0.131654661043617,-0.181167029861224
"356",0.342274095711807,1.92474147231925,0.556870139729016,0.238561609517471,-0.352941488673459
"357",-1.91906745948721,0.200037730927654,-0.0254599137520346,0.625700048570922,-0.25388224453812
"358",1.28874979508276,-1.08693818616654,-0.378372269885262,0.052759001350493,0.0637322046235527
"359",-0.0509003446840152,0.273119120633424,0.473942667776712,-0.652300842803373,0.439508523056456
"360",-1.41949873280181,-0.398481757126399,0.847779971267713,0.161145278898428,0.270357458973371
"361",-1.16700408141107,0.141331197892643,0.743303981088824,0.217668205795162,0.090255400003469
"362",-1.15817431404511,-0.873240415543895,0.801631483055823,-0.857545919595352,0.305899275191095
"363",-1.04576149043506,-2.11701067997263,-0.949963235300253,-0.0275369888378698,0.601580628797808
"364",-0.324469695526707,1.22138328453394,0.672808762337285,-1.60312944143054,0.722423311003859
"365",1.48490692188394,-0.0904309142540537,0.512114726295704,-0.806886827571394,-0.0798622924108581
"366",-1.53599640714723,0.765549004856901,-0.204110099211832,0.68550814630888,-0.284503770285919
"367",-1.52537005323699,-0.0412904179978627,-1.37244159071177,1.00105218304436,-0.0564928404046723
"368",1.71808704209132,0.259005765448494,-0.352936466862987,0.135497655885547,0.53767661095772
"369",2.96321075030917,-0.496980911461574,-0.716960540199874,-0.0404759199701196,-0.0492330762560115
"370",0.376390996438323,-0.745546649753,0.222410202744174,0.111877625257274,0.194641732045949
"371",-1.53145673062433,0.179771471690615,-0.294925518600966,0.179701189738357,-0.29777136881773
"372",-1.47476439183944,-0.463623424414513,-0.43701004177106,0.122141880061951,-0.16226066152422
"373",-0.15028520581082,0.0798755685843296,-0.839349019237164,0.367909908249735,0.17673956686023
"374",-0.628565726722986,-0.751773225413562,-0.427574297298836,0.484232297864215,0.477473631976656
"375",0.718329502223179,0.424789398329294,-0.715987202979482,0.434749417013797,0.268430719963821
"376",-1.94382186679007,1.0173315404869,-0.323913286286553,0.736303700720673,-0.227211687447354
"377",2.32201419955218,0.612170378305814,-0.787061858634626,1.0858167921122,-0.117962705739617
"378",-1.83736108893287,-0.849975632118714,-1.90769836913991,0.519504517522912,0.117678645733458
"379",-0.24261640776075,-0.563620912372181,-0.175765576387973,0.61012322801833,0.571057997148241
"380",0.281032767940711,0.147803880356163,1.33538783334357,-0.811532010298505,0.409750375448477
"381",3.04094507949217,-1.13641494497366,-0.562015498711647,0.316749104293269,-0.00138731416197851
"382",0.209880153928217,0.209811322269335,-0.3173626570656,0.475012716489636,0.14776031178719
"383",1.38119888298852,-0.0457748708924998,-0.851350424290422,-0.371442911446952,0.324606126885748
"384",2.41129349274645,-0.20779476025756,0.0943353949315524,0.921387319139507,-0.0669741255308269
"385",1.12109851963039,-0.856778401185546,0.0210032163589191,0.0344600967614944,0.127594323907478
"386",0.0855834997985271,-0.997105583712627,-1.24349284216368,-0.0667628983268224,-0.26093613502033
"387",0.596871645003227,-1.27727233614947,-0.254326869746583,0.611382205918691,0.464806391861835
"388",2.5825337298169,0.550250741306399,-1.53685875372566,-0.369641240899317,0.11657775101662
"389",2.75563802593515,-1.46907344290121,-0.451712891820445,-1.04818209338951,-0.757081357201167
"390",1.61227362370057,-0.717158984592399,-0.435871368615457,-0.0498178167000074,0.81327074629494
"391",0.385252158969689,-0.249744009283837,0.749115646385233,0.682573799298946,0.0410567358795115
"392",1.68810714181255,-1.04275463257929,-0.09161769165888,0.765878500286439,-0.373236080482306
"393",2.37117146683841,-0.422718950967854,-1.03348974131803,-0.847313120467766,0.0587559930304487
"394",1.64320858655367,-0.329029500859526,0.291026623581614,-0.609054192738772,0.143941857778958
"395",1.54342288726276,0.980379843650449,-0.189047450624919,-0.494693512244736,0.439434385122116
"396",0.380302169132144,1.52616216768098,-0.620238597645239,0.343849967050524,-0.0961167488672979
"397",2.3754550563357,2.1212285762402,0.311370911221629,0.319025320582679,0.0894217455293301
"398",-1.59656242343051,-1.53723299191848,0.789995030267556,-0.0180805977428027,0.510875917635205
"399",1.29045757211229,0.942891614484352,-1.0673260117986,0.0341260774136154,0.520112238464398
"400",-2.84696184742824,-1.15917770025362,-0.699675269774577,0.210972036666679,0.452046003897535
"401",-2.13536928314069,-1.62724440574271,0.161109571857806,-0.301520162745881,1.74906297907856
"402",-3.16291666634627,-0.0561197509872309,0.0590821674881025,-0.488982146936124,0.122630885124147
"403",-2.06015745891045,-0.56799997359805,0.922433678503806,0.204868698794783,0.365447637399956
"404",-1.00380510183818,0.242562095383359,1.0258227012738,0.234699694904244,-0.149178395367791
"405",-1.13559664078688,0.421062259319783,1.25445663610193,0.300140615683175,0.507948573467537
"406",-1.69609192045066,0.931415054675598,0.298193533374172,-1.51046826767545,0.399743388332004
"407",0.548974558542455,0.00905641006014499,0.871086473307417,0.426996828952985,0.259330364553547
"408",0.48180064969757,0.637362091142415,0.95579450840126,-1.02309582306566,0.404972469203826
"409",1.0336989663327,-0.0984578358254353,-0.529221657453611,-1.37369238671679,-0.0240620615126191
"410",0.107793526891365,0.767774485659586,0.577297883725635,-0.188132726484797,0.903869656198518
"411",-0.35487026374644,-0.278495562979408,0.170486448959953,0.452846706022398,0.18861560097374
"412",0.397129681142697,0.519032602318939,-0.183613535158893,-1.02080464803467,-0.0374155336290733
"413",0.361120139456496,-1.14359539571176,-0.92445293297302,0.127360119589795,-0.270251932481192
"414",-0.204547246251339,1.01759816985021,0.197353197163587,-0.779023830831659,-0.200167336257544
"415",1.4698958166996,0.491997840648242,-0.324333803720382,-1.22496473357355,-0.487434794628245
"416",-0.6172364485488,-0.262540207646735,-1.19565231509385,-0.131365761147729,0.389555887278641
"417",3.70915267307324,-1.61834444709677,-0.804002342567458,-0.0599552727657414,0.0442769665354155
"418",-0.985943859203112,1.47101938411755,-0.0978944426127522,-0.44145294708483,0.233332700712011
"419",-1.81767513809067,0.940856185516853,-1.70717403386532,-0.480313845202596,-0.416923656031258
"420",-1.28746769846462,0.53515460435043,-0.357090744565048,0.896108426339262,0.229900330132587
"421",-1.66426111349265,0.0295437664754051,-0.611309984057071,-0.474954875328414,-0.306528767282587
"422",0.768656046003117,0.750811623941724,-0.215458766906984,-0.64594016881568,0.0397711318505833
"423",-0.53589667563157,0.686671719399969,-0.745499164515153,-0.51699030967909,0.0207111539147962
"424",-0.501930919364977,1.2448546977123,-0.422827032390165,-0.593748807628522,-0.285193863612727
"425",-0.460089626618028,-1.63612950942593,-0.882529838958123,0.200883012097534,0.399282800812804
"426",4.00408273946546,-0.637593273083621,-0.82410069324425,-0.532431121888484,-0.288970942715594
"427",2.44856711389507,0.642513201291588,-1.3162140111793,-0.989916458637478,0.792650359891069
"428",-0.321622844872368,3.49582670371649,-0.86456435340594,-0.315273278255274,-0.204201026826988
"429",0.463437937342846,-1.44037992104457,-0.471195306922506,0.24879105811735,-0.088844380927156
"430",1.2356544523392,1.80450363435289,0.0591539896162034,0.35064147633863,-0.077772811243956
"431",1.60291583740059,0.188803267020496,-0.328830776853135,0.380872638464617,-0.414757749741287
"432",-1.77422808699712,1.10924070799556,-1.16583643579589,0.223261699576092,-0.477580651078425
"433",0.289629316867658,1.22961464731329,-1.34866847198781,-0.982595616059287,-0.397199901398411
"434",0.963076172599041,-0.530907494519955,0.652050541896387,0.569520194198442,-0.219785114975538
"435",0.0609676175364688,-0.901765836050966,-0.685670754560633,0.243743125386283,0.066267751191592
"436",4.09808885924049,0.358020203388129,-0.720980006709229,0.220823139356964,-0.575736217154219
"437",-1.61347686875524,0.83167481808666,-0.412341418847605,0.536692752384366,-0.329779731769925
"438",-0.581573959515312,-0.00606128461631361,-0.320212821904378,-0.402879248443574,0.469052842975338
"439",-1.43782247242268,-1.21215316168479,0.176016169609812,0.360088601513439,0.171198920155646
"440",0.790877723005063,-0.235449507251864,0.838977146991054,-0.311434149325799,-0.142616611107442
"441",-3.98979745387834,-0.0913542375101009,0.0486892743555916,-0.302237429161245,-0.719003149176979
"442",-2.70788443399257,-1.44608095724812,-0.700466909217837,0.0445157258270019,0.290181231620787
"443",3.66738618002076,-1.75419674600185,0.695189983082655,-1.06325323830917,-1.05828408775185
"444",1.24500548366933,0.836383619339766,-1.07317208890367,0.334301363771656,0.1271643471903
"445",-2.1395500114758,1.4550468911205,0.277802439220327,-0.283005721521766,-0.739412653617293
"446",-3.23580492303664,-0.598022119354083,0.00708195204506102,-0.0273666070952689,0.392064912601344
"447",3.13111651418278,-0.203927470342383,0.268936531130817,-0.192995396131732,-0.677680726536067
"448",-0.479460343722647,-0.529481186113145,-0.0667269784161913,0.497033876282947,0.159083213819072
"449",1.21406924666333,1.49971456649602,-0.95669736946703,0.107136534025317,-0.123734586464654
"450",-1.44829168770207,-0.303341675655008,0.404320692668449,0.519014968270914,0.216523162354949
"451",0.407211599817034,-0.873054431436655,-0.757408351584507,1.12232734176289,0.185554458494872
"452",2.92882054670597,-0.954095673034739,0.403521850037918,1.46477581241995,-0.790010648784807
"453",-1.83645534336546,-0.162600416534153,1.39321715146921,1.20458127195979,0.838677354359397
"454",1.60586811651066,-3.22419152966135,0.487673029400437,0.327004675893973,-0.518046504710809
"455",-0.816055398106653,-1.07452380328707,1.06615239113317,0.179410664804325,0.154550055983616
"456",-1.457316271985,-0.118844150898779,-0.686579004788141,0.508428268504555,-0.319866887868806
"457",1.10493474475226,0.504048367017594,-0.562117325964012,0.19720473279693,0.553639985645354
"458",0.178808059308053,0.406187633397494,1.0057341244472,0.588355360876896,0.40961225262623
"459",-1.79497206122661,-0.00368484054319096,0.501193917164111,0.149104092863009,-0.109436595102449
"460",-0.16843785158061,1.07858283914468,0.850389937522271,0.860682091752792,1.18620052869966
"461",-0.00108304587347441,2.52072013682744,-0.282144894186296,-0.519278623054416,-0.523517544856563
"462",-1.71851842842521,0.163649169279327,0.589027771601339,-0.0894338737691405,-0.175738785032377
"463",0.395545230216373,-1.11100339668722,1.66870356129553,-0.45812580052864,-0.115264035010959
"464",-1.10593919228988,0.998071697516486,-0.120312185057217,-0.81616457370774,0.383263088682965
"465",-1.38372281419601,1.78421787965512,-0.364553217033481,-0.548664405830829,-0.805385276287103
"466",0.145776619563536,0.323769534825049,-0.833640195989192,-0.448811612957088,0.321755442980476
"467",0.688129154726572,0.635570524437537,-0.54773949905763,0.159509786983966,0.264669959017731
"468",-1.67941786267202,-0.943260012663027,-0.498425741079467,0.191419629284818,-0.300147272491196
"469",-0.679719685565085,0.237535692243145,0.15693428124198,0.539517369070382,0.497622526616753
"470",0.412551612165502,0.0497434591865534,-0.596558156089983,-0.64274268204149,0.638790609752791
"471",0.82263131206552,0.767530637908201,0.786606908456256,-0.519282227890344,0.193170484318756
"472",3.01595328981993,-0.442023702102065,-0.407757445502458,0.314905137784401,0.0525081911226902
"473",1.03704507722294,-0.78842631227875,0.233243828789929,0.616570582121983,-0.200586591260284
"474",0.803597926975668,-0.896793207886041,2.01208137151954,-0.623957938881526,-0.282689528183405
"475",-0.672611215439769,0.285349218505371,1.20396751079093,0.482702006899953,0.191770163344135
"476",-0.116836002105945,0.0105162797974004,0.526719758119328,-0.328558395229043,0.131208534814242
"477",4.495493477986,-0.552026329597635,-0.382994544576615,0.265231509094418,-0.838630557450414
"478",-1.94677852225664,-1.22104253683451,-0.330890248749464,0.145722879620688,0.126157358917389
"479",-0.810476805161878,-0.271197787760615,-0.572007124485489,0.510755273513813,0.197567656441188
"480",-0.958143220215708,-0.0209744355197978,-0.638973581394794,-0.926871382933967,0.518117682962166
"481",-1.29747411777607,0.275518768099061,-1.24397112587425,0.932828615683041,0.0612795698103726
"482",0.597895136091436,1.06522217407067,0.798076910424582,0.551660454205988,0.335695086859899
"483",-1.16717458818582,-0.149038532246789,-0.0858675203479727,0.685019319338416,0.0765286583720356
"484",0.918437879811148,0.657125486182142,-0.0376910271942333,0.20233944684443,0.309700254721175
"485",-0.82094029063356,-0.857196048393923,-1.09012725771455,-0.279582577897773,0.254230992107525
"486",-0.572247001767649,0.743912428837583,0.776357686067545,1.08128697778187,-0.401089036679552
"487",1.20407143730049,-0.652678915299638,-1.03479918500141,0.272066371266338,-0.517421627051011
"488",0.387186919477388,0.431684395793568,0.253071606668768,-1.47800519311934,0.186301733215782
"489",2.01923476955957,0.146601637927607,-0.614294348412384,-0.018179655153896,0.442189930235585
"490",-1.13066621163864,0.304426556092765,0.919206137593219,-0.401913779495069,-0.0773664330037009
"491",2.93995223956056,-0.432955618104933,-2.20922779245393,0.756383950897416,-1.27346534686156
"492",1.46491657740542,0.473215617255368,-1.14274466674837,-0.685871737318308,0.483709865463966
"493",0.394496415369765,1.07515051017074,-0.225378501085317,0.611028822706339,-0.697562752629122
"494",2.51504234821626,-1.11433489728435,-1.58488890691859,-1.1730688566692,-0.141332491659199
"495",0.450354914852826,1.06175155312366,-0.966524163254345,-0.0443806562910991,0.14914784081715
"496",1.24954892265847,1.317236550107,-0.268554404465556,0.790919336223015,0.0335727180373092
"497",1.57575146834204,-1.17067220656084,-0.0316579881230553,0.669270648900753,0.243804771554301
"498",1.98264375555475,1.6343420570967,-1.72387578831528,0.118489573876241,0.334166691379532
