"","V1","V2","X.1","X","ID_Year","Family","Block","Treatment","Region","Site.Lat","Experiment_Date","SLA","Water_Content","Assimilation","Stomatal_Conductance","Period","Region.period"
"1",-0.818101302570196,0.550509394264477,1,33,"S02_2014",28,3,"D","3.South","32.9_S02",87,201.603206412826,0.191923076923077,6.39013110333333,0.720946445333333,"Peak","3.South_Peak"
"2",0.441330661967399,0.239377174254696,2,4,"S02_2014",28,4,"D","3.South","32.9_S02",97,262.316666666667,0.2,12.7239395333333,0.554848788,"Peak","3.South_Peak"
"3",-1.94701188525678,-0.360416288584148,3,121,"S02_2014",29,4,"D","3.South","32.9_S02",96,184.086294416244,0.254193548387097,7.87412207733333,0.260412678333333,"Peak","3.South_Peak"
"4",0.308937529715311,-0.560841312952746,4,19,"S02_2014",30,3,"D","3.South","32.9_S02",98,269.357021996616,0.173823529411765,8.817329632,0.558942673,"Peak","3.South_Peak"
"5",-0.110098719942041,-0.729909626042859,5,201,"S02_2014",30,4,"D","3.South","32.9_S02",91,269.888143176734,0.159642857142857,9.96797378066667,0.374165602666667,"Peak","3.South_Peak"
"6",1.05017052240913,1.78041207060729,6,273,"S02_2014",31,3,"D","3.South","32.9_S02",97,190.821018062397,0.179117647058824,18.2077488266667,0.675584852666667,"Peak","3.South_Peak"
"7",-1.41394799233409,1.04995962863463,7,281,"S02_2014",31,4,"D","3.South","32.9_S02",87,185,0.253333333333333,14.1459447866667,0.321049115666667,"Peak","3.South_Peak"
"8",-0.727123004672984,0.51451710645221,8,353,"S02_2014",32,3,"D","3.South","32.9_S02",97,185.862457722661,0.227435897435897,13.60013277,0.348325433666667,"Peak","3.South_Peak"
"9",0.433038641383708,-1.11931189131338,9,361,"S02_2014",32,4,"D","3.South","32.9_S02",96,293.375262054507,0.1490625,11.4521881966667,0.307731124333333,"Peak","3.South_Peak"
"10",1.86891307659356,1.87211868546739,10,433,"S02_2014",33,3,"D","3.South","32.9_S02",90,272.386634844869,0.1676,20.0564484,0.756758838,"Peak","3.South_Peak"
"11",-0.781349685230405,-1.04704265540393,11,441,"S02_2014",33,4,"D","3.South","32.9_S02",106,233.583441138422,0.234242424242424,10.2701798566667,0.194940105,"Peak","3.South_Peak"
"12",2.53812790988623,0.0269676629206524,12,513,"S02_2014",34,3,"D","3.South","32.9_S02",99,338.946015424165,0.125483870967742,17.15018357,0.630957188333333,"Peak","3.South_Peak"
"13",0.552649434091804,-0.215197662048264,13,521,"S02_2014",34,4,"D","3.South","32.9_S02",92,288.084677419355,0.165333333333333,12.63910918,0.468752387666667,"Peak","3.South_Peak"
"14",0.250486768493088,2.05024422730611,14,592,"S02_2014",35,3,"D","3.South","32.9_S02",95,184.489208633093,0.231666666666667,15.2668423166667,0.773863531333333,"Peak","3.South_Peak"
"15",-1.88058290802405,-0.598229332386977,15,601,"S02_2014",35,4,"D","3.South","32.9_S02",94,203.04897314376,0.243461538461538,7.470326896,0.241624742666667,"Peak","3.South_Peak"
"16",-1.65358276164208,-0.810642712597904,16,681,"S02_2014",36,4,"D","3.South","32.9_S02",99,194.569832402235,0.235526315789474,9.37802475033333,0.126540313666667,"Peak","3.South_Peak"
"17",2.0747292224431,0.74751736232024,17,751,"S02_2014",37,3,"D","3.South","32.9_S02",99,287.831541218638,0.150810810810811,18.0385611733333,0.655488019,"Peak","3.South_Peak"
"18",-1.02440823484262,-3.53712602541605,18,761,"S02_2014",37,4,"D","3.South","32.9_S02",104,316.219686162625,0.17525,2.58096082533333,0.0177266876666667,"Peak","3.South_Peak"
"19",2.03081202165013,1.20208325959127,19,831,"S07_2014",48,3,"D","3.South","34.3_S07",94,278.75,0.1425,16.1099860433333,0.846236169333333,"Peak","3.South_Peak"
"20",-0.289760875259356,-0.504923800232637,20,841,"S07_2014",48,4,"D","3.South","34.3_S07",90,263.970588235294,0.174358974358974,10.3689116966667,0.374201326333333,"Peak","3.South_Peak"
"21",-3.84358369858909,-0.728341433257014,21,921,"S07_2014",49,4,"D","3.South","34.3_S07",82,148.207381370826,0.258636363636364,3.46935147166667,0.0664020803333333,"Peak","3.South_Peak"
"22",0.701714610875569,-0.0226080615278541,22,991,"S07_2014",50,3,"D","3.South","34.3_S07",91,256.738703339882,0.130512820512821,12.4039919666667,0.526628071,"Peak","3.South_Peak"
"23",-0.193369218121439,0.743420002706638,23,1001,"S07_2014",50,4,"D","3.South","34.3_S07",88,197.650429799427,0.166190476190476,13.49681197,0.47360948,"Peak","3.South_Peak"
"24",0.149018243199816,0.771807930023698,24,1071,"S07_2014",51,3,"D","3.South","34.3_S07",92,208.433515482696,0.1715625,10.6515781,0.704641979,"Peak","3.South_Peak"
"25",-2.59257937643388,-0.862677496292876,25,1081,"S07_2014",51,4,"D","3.South","34.3_S07",84,198.525641025641,0.222857142857143,6.75397945433333,0.0801877583333333,"Peak","3.South_Peak"
"26",2.48422473164877,2.51777139711712,26,1161,"S07_2014",52,4,"D","3.South","34.3_S07",98,239.177215189873,0.169285714285714,19.7785309166667,1.02027008566667,"Peak","3.South_Peak"
"27",-1.18141122519197,0.990502762805801,27,1231,"S07_2014",53,3,"D","3.South","34.3_S07",87,211.09375,0.256,12.0627263,0.472594893666667,"Peak","3.South_Peak"
"28",0.619272116582523,1.1590909612495,28,1241,"S07_2014",53,4,"D","3.South","34.3_S07",98,212.869127516779,0.198666666666667,15.0293772366667,0.650091917333333,"Peak","3.South_Peak"
"29",1.5049508528868,-0.835575589163493,29,1311,"S07_2014",54,3,"D","3.South","34.3_S07",98,335.995850622407,0.137714285714286,10.54587708,0.620857485,"Peak","3.South_Peak"
"30",0.199261073109685,-0.60950632519564,30,1321,"S07_2014",54,4,"D","3.South","34.3_S07",94,289.894736842105,0.17972972972973,11.2765975,0.400222971333333,"Peak","3.South_Peak"
"31",2.44774528305118,-1.7507594316109,31,1391,"S07_2014",55,3,"D","3.South","34.3_S07",101,415.82995951417,0.112272727272727,11.9730426433333,0.521304583666667,"Peak","3.South_Peak"
"32",0.844734262375206,0.226196638225296,32,140,"S07_2014",55,4,"D","3.South","34.3_S07",98,274.078303425775,0.185757575757576,11.6356688233333,0.681614809333333,"Peak","3.South_Peak"
"33",0.79129385514967,1.97046298570261,33,1471,"S07_2014",56,3,"D","3.South","34.3_S07",95,200.687679083095,0.205294117647059,16.6477857566667,0.770451072333333,"Peak","3.South_Peak"
"34",0.321952450693936,0.530425439523811,34,1481,"S07_2014",56,4,"D","3.South","34.3_S07",93,245.801104972376,0.190526315789474,15.2274610333333,0.450103178666667,"Peak","3.South_Peak"
"35",1.35983522444968,-1.46805467410813,35,1551,"S07_2014",57,3,"D","3.South","34.3_S07",102,340.431778929188,0.137857142857143,9.960583978,0.489456692666667,"Peak","3.South_Peak"
"36",-2.63942473330385,-0.944647488084611,36,156,"S07_2014",57,4,"D","3.South","34.3_S07",93,191.074074074074,0.261290322580645,6.58057407066667,0.0813732273333333,"Peak","3.South_Peak"
"37",0.705209398668273,0.891590244726158,37,163,"S08_2013",80,3,"D","2.Center","36.7_S08",94,262.103825136612,0.203333333333333,15.1242467866667,0.615382809666667,"Peak","2.Center_Peak"
"38",1.08210385683522,-1.18725028507064,38,1641,"S08_2013",80,4,"D","2.Center","36.7_S08",108,317.352245862884,0.183913043478261,11.4685428766667,0.435088586333333,"Peak","2.Center_Peak"
"39",2.08797729495821,-0.357139437334776,39,1711,"S08_2013",81,3,"D","2.Center","36.7_S08",91,390,0.142692307692308,17.07186066,0.488064047333333,"Peak","2.Center_Peak"
"40",-2.27677351736085,-0.900573515627942,40,1721,"S08_2013",81,4,"D","2.Center","36.7_S08",87,231.498371335505,0.2456,7.66811380733333,0.0987767553333333,"Peak","2.Center_Peak"
"41",-2.27407147584776,0.569693543249387,41,1791,"S08_2013",82,3,"D","2.Center","36.7_S08",85,193.875530410184,0.2828,10.5183673123333,0.273897757,"Peak","2.Center_Peak"
"42",-2.41782959248567,-1.40793273072566,42,1801,"S08_2013",82,4,"D","2.Center","36.7_S08",85,221.645207439199,0.205588235294118,4.75125859333333,0.099920869,"Peak","2.Center_Peak"
"43",-1.53553555486821,-0.526470503088964,43,1881,"S08_2013",83,4,"D","2.Center","36.7_S08",102,200.882352941176,0.264444444444444,9.71895825166667,0.207729976666667,"Peak","2.Center_Peak"
"44",-1.80055434186219,1.10293819545594,44,1951,"S08_2013",84,3,"D","2.Center","36.7_S08",83,210.211267605634,0.284,11.4320870866667,0.431468691,"Peak","2.Center_Peak"
"45",-2.00063049930771,-0.721616523677193,45,1961,"S08_2013",84,4,"D","2.Center","36.7_S08",90,242.766497461929,0.262666666666667,8.54492973866667,0.151779153666667,"Peak","2.Center_Peak"
"46",0.328722290691753,0.066252018314366,46,2031,"S10_2014",98,3,"D","2.Center","36.2_S10",104,234.62962962963,0.21,13.8040904333333,0.436154447,"Peak","2.Center_Peak"
"47",0.533825421861628,-0.513967483480866,47,2041,"S10_2014",98,4,"D","2.Center","36.2_S10",104,278.805620608899,0.203333333333333,11.97441952,0.454301747666667,"Peak","2.Center_Peak"
"48",-1.86896194359251,-0.0162499963737257,48,2121,"S10_2014",99,4,"D","2.Center","36.2_S10",92,218.884210526316,0.279411764705882,8.068131915,0.35951771,"Peak","2.Center_Peak"
"49",0.819795346603121,0.900559784956368,49,2191,"S10_2014",100,3,"D","2.Center","36.2_S10",99,216.259904912837,0.180285714285714,16.7729658766667,0.526249034666667,"Peak","2.Center_Peak"
"50",-2.24879739360327,0.0393149553285737,50,220,"S10_2014",100,4,"D","2.Center","36.2_S10",85,212.48730964467,0.268636363636364,9.652578645,0.207339257666667,"Peak","2.Center_Peak"
"51",-0.363510804939369,-1.9843841195459,51,2281,"S10_2014",101,4,"D","2.Center","36.2_S10",99,302.531055900621,0.178888888888889,7.487019087,0.207327055333333,"Peak","2.Center_Peak"
"52",-1.75694758205217,-1.71750678337474,52,2351,"S10_2014",102,3,"D","2.Center","36.2_S10",85,283.694444444444,0.2,5.047272926,0.148772128,"Peak","2.Center_Peak"
"53",-0.556818370901392,-0.0521929109885759,53,2361,"S10_2014",102,4,"D","2.Center","36.2_S10",93,251.397849462366,0.2232,11.7670948166667,0.368962968333333,"Peak","2.Center_Peak"
"54",1.99865538034398,0.796729925511863,54,243,"S10_2014",103,3,"D","2.Center","36.2_S10",104,253.483606557377,0.1525,17.79618944,0.659021614666667,"Peak","2.Center_Peak"
"55",-1.46956922571457,-0.360575009104268,55,2441,"S10_2014",103,4,"D","2.Center","36.2_S10",89,225.111111111111,0.225,10.7771798033333,0.182754938666667,"Peak","2.Center_Peak"
"56",-0.136996459974193,-0.204540107846227,56,2521,"S10_2014",104,4,"D","2.Center","36.2_S10",103,236.434494195688,0.223333333333333,12.2043960333333,0.386251953333333,"Peak","2.Center_Peak"
"57",3.30870426480206,-0.973036005391025,57,2591,"S10_2014",105,3,"D","2.Center","36.2_S10",100,442.857142857143,0.116666666666667,15.2382879366667,0.678379761333333,"Peak","2.Center_Peak"
"58",-1.87300346549863,0.00109575204911294,58,2601,"S10_2014",105,4,"D","2.Center","36.2_S10",93,208.081023454158,0.275882352941176,8.229992152,0.349532581333333,"Peak","2.Center_Peak"
"59",-0.195909515418296,-0.841083495068286,59,460,"S18_2014",266,4,"D","2.Center","39.7_S18",102,251.502086230876,0.199722222222222,10.13341496,0.341666636666667,"Peak","2.Center_Peak"
"60",0.697864840947527,0.636784569221558,60,4671,"S18_2014",267,3,"D","2.Center","39.7_S18",88,263.280632411067,0.158125,13.2338743,0.639494764,"Peak","2.Center_Peak"
"61",-1.45717869289444,0.54238011990486,61,4681,"S18_2014",267,4,"D","2.Center","39.7_S18",94,201.498371335505,0.279090909090909,12.6942755433333,0.299077005666667,"Peak","2.Center_Peak"
"62",0.140939423174817,0.569368223802931,62,475,"S18_2014",268,3,"D","2.Center","39.7_S18",97,217.984084880637,0.198421052631579,13.2635937533333,0.531245125,"Peak","2.Center_Peak"
"63",-1.25372431047491,-1.00887058019212,63,4761,"S18_2014",268,4,"D","2.Center","39.7_S18",99,226.107382550336,0.225757575757576,9.37206922733333,0.159332710666667,"Peak","2.Center_Peak"
"64",1.48338273229074,-0.22531923468367,64,4831,"S18_2014",269,3,"D","2.Center","39.7_S18",91,343.167701863354,0.146363636363636,14.1768926166667,0.556085752666667,"Peak","2.Center_Peak"
"65",-2.35945708014788,-1.36374819682364,65,4841,"S18_2014",269,4,"D","2.Center","39.7_S18",105,209.512605042017,0.2975,6.02632377033333,0.094878165,"Peak","2.Center_Peak"
"66",-0.148638887954329,-1.38527118210918,66,4921,"S18_2014",270,4,"D","2.Center","39.7_S18",94,299.665809768638,0.169130434782609,9.0185492095,0.287715062833333,"Peak","2.Center_Peak"
"67",2.26313507231523,0.121058776535129,67,4991,"S18_2014",271,3,"D","2.Center","39.7_S18",101,322.607449856734,0.145416666666667,17.29827295,0.599218034,"Peak","2.Center_Peak"
"68",1.12116692166222,-0.863119311182254,68,5001,"S18_2014",271,4,"D","2.Center","39.7_S18",105,283.806451612903,0.155,14.78658763,0.308438551666667,"Peak","2.Center_Peak"
"69",-1.86191801345274,1.93460762725469,69,5071,"S18_2014",272,3,"D","2.Center","39.7_S18",91,172.629757785467,0.34,11.27695205,0.630590218666667,"Peak","2.Center_Peak"
"70",1.35469693804327,0.695555966225482,70,5081,"S18_2014",272,4,"D","2.Center","39.7_S18",103,255.786350148368,0.187222222222222,15.1133705833333,0.683768175333333,"Peak","2.Center_Peak"
"71",1.48891630685002,0.0846588422404269,71,5151,"S18_2014",273,3,"D","2.Center","39.7_S18",103,265,0.1544,16.6740058733333,0.474787995333333,"Peak","2.Center_Peak"
"72",1.65365089492117,-1.65543031585881,72,5161,"S18_2014",273,4,"D","2.Center","39.7_S18",106,348.271604938272,0.135,10.15139227,0.492686896,"Peak","2.Center_Peak"
"73",1.13493568674856,0.253598090756319,73,5231,"S29_2015",302,3,"D","2.Center","39.4_S29",106,246.947890818859,0.183181818181818,12.0918511366667,0.709063896,"Peak","2.Center_Peak"
"74",-1.90011684596318,-0.479347174868596,74,5241,"S29_2015",302,4,"D","2.Center","39.4_S29",99,184.689349112426,0.26,7.344228723,0.275433252333333,"Peak","2.Center_Peak"
"75",-1.89473131517376,0.417225706264594,75,531,"S29_2015",303,3,"D","2.Center","39.4_S29",96,163.697674418605,0.27741935483871,11.6541243933333,0.239188781,"Peak","2.Center_Peak"
"76",-2.97888636581869,-0.895541380451931,76,5321,"S29_2015",303,4,"D","2.Center","39.4_S29",85,181.741573033708,0.237333333333333,6.01399516,0.0461478703333333,"Peak","2.Center_Peak"
"77",-0.277332736438292,1.12813524778181,77,5391,"S32_2014",322,3,"D","2.Center","37.5_S32",93,214.494382022472,0.234210526315789,12.78419167,0.619620693666667,"Peak","2.Center_Peak"
"78",-1.04527993073497,1.14214379989559,78,5401,"S32_2014",322,4,"D","2.Center","37.5_S32",93,192.331154684096,0.27,13.9927410066667,0.427862705333333,"Peak","2.Center_Peak"
"79",4.46817877837728,-3.05410493490586,79,5471,"S32_2014",323,3,"D","2.Center","37.5_S32",99,632.989323843416,0.0906451612903226,12.4906509666667,0.617720884,"Peak","2.Center_Peak"
"80",-1.10266641902598,-1.18097763147028,80,5481,"S32_2014",323,4,"D","2.Center","37.5_S32",93,254.624277456647,0.199615384615385,7.73754785533333,0.232304709333333,"Peak","2.Center_Peak"
"81",0.562347194162907,0.359899999661657,81,5551,"S32_2014",324,3,"D","2.Center","37.5_S32",85,302,0.176470588235294,16.6142750033333,0.385893037333333,"Peak","2.Center_Peak"
"82",-0.770981624605631,0.51110205550569,82,5561,"S32_2014",324,4,"D","2.Center","37.5_S32",86,258.630806845966,0.240588235294118,12.7873369766667,0.406425827666667,"Peak","2.Center_Peak"
"83",0.477167602420093,0.52464236451945,83,563,"S32_2014",325,3,"D","2.Center","37.5_S32",88,285.754385964912,0.19,14.5933652866667,0.520657717666667,"Peak","2.Center_Peak"
"84",-2.72528263539632,0.212246706941717,84,5641,"S32_2014",325,4,"D","2.Center","37.5_S32",91,174.036458333333,0.3072,9.71438043966667,0.165122649333333,"Peak","2.Center_Peak"
"85",-1.43428109009899,1.30998935908304,85,571,"S32_2014",326,3,"D","2.Center","37.5_S32",84,193.553895410886,0.260277777777778,12.9392316466667,0.445682643,"Peak","2.Center_Peak"
"86",-2.8701028653255,-0.250445108200788,86,572,"S32_2014",326,4,"D","2.Center","37.5_S32",98,184.983552631579,0.337777777777778,8.620595285,0.115754338666667,"Peak","2.Center_Peak"
"87",-0.684547920798516,1.6036894475955,87,579,"S32_2014",327,3,"D","2.Center","37.5_S32",87,168.166259168704,0.215263157894737,13.42169684,0.593234956666667,"Peak","2.Center_Peak"
"88",-3.97258349373347,-0.875720665077124,88,580,"S32_2014",327,4,"D","2.Center","37.5_S32",82,196.360655737705,0.305,3.67084564166667,0.033446483,"Peak","2.Center_Peak"
"89",1.96593458636561,-0.925867022643289,89,267,"S15_2015",164,3,"D","1.North","43.4_S15",105,318.455882352941,0.123636363636364,14.5049538333333,0.457745866333333,"Peak","1.North_Peak"
"90",-0.717344380052126,-0.695365562610762,90,2681,"S15_2015",164,4,"D","1.North","43.4_S15",93,270.929292929293,0.215217391304348,9.054160902,0.348428808666667,"Peak","1.North_Peak"
"91",-0.217751791614428,1.58698336815612,91,2751,"S15_2015",165,3,"D","1.North","43.4_S15",87,209.179632248939,0.2209375,14.9345163633333,0.604378338,"Peak","1.North_Peak"
"92",-1.53793650177426,-0.579658541857377,92,2761,"S15_2015",165,4,"D","1.North","43.4_S15",86,242.232142857143,0.215384615384615,7.626014018,0.294388877,"Peak","1.North_Peak"
"93",1.81922250124695,1.10324669632972,93,2831,"S15_2015",166,3,"D","1.North","43.4_S15",94,280.453074433657,0.1545,16.91283761,0.747954846,"Peak","1.North_Peak"
"94",-0.999629648705523,0.342110358991843,94,2841,"S15_2015",166,4,"D","1.North","43.4_S15",86,224.987080103359,0.215,11.5638151433333,0.374299534,"Peak","1.North_Peak"
"95",2.04527077249401,0.653010668677009,95,2911,"S15_2015",167,3,"D","1.North","43.4_S15",93,318.652694610778,0.145217391304348,17.8044594733333,0.646016836666667,"Peak","1.North_Peak"
"96",1.79698953771029,0.199840734185892,96,2921,"S15_2015",167,4,"D","1.North","43.4_S15",104,284.277456647399,0.1621875,16.8720302066667,0.554069423666667,"Peak","1.North_Peak"
"97",-0.253122044651782,0.752686855025584,97,3001,"S15_2015",168,4,"D","1.North","43.4_S15",88,237.828810020877,0.208260869565217,13.2067935333333,0.510706876333333,"Peak","1.North_Peak"
"98",-2.17784240123615,0.476865793237577,98,307,"S15_2015",169,3,"D","1.North","43.4_S15",82,184.689440993789,0.247692307692308,11.5510869776667,0.194679054333333,"Peak","1.North_Peak"
"99",-1.21729612464861,-1.64118855616659,99,3081,"S15_2015",169,4,"D","1.North","43.4_S15",94,270.494382022472,0.202272727272727,7.31108084066667,0.139058932,"Peak","1.North_Peak"
"100",0.00557655663431164,1.69260586060147,100,3151,"S15_2015",170,3,"D","1.North","43.4_S15",86,214.227941176471,0.209230769230769,13.73985216,0.729444601666667,"Peak","1.North_Peak"
"101",-1.30883521859134,-0.11067021320329,101,3161,"S15_2015",170,4,"D","1.North","43.4_S15",86,217.839805825243,0.206,12.01004522,0.187801255666667,"Peak","1.North_Peak"
"102",-0.550399525574733,-2.6147610180959,102,3231,"S15_2015",171,3,"D","1.North","43.4_S15",109,225.055350553506,0.1355,5.69810593,0.0950324306666667,"Peak","1.North_Peak"
"103",0.16492889546594,0.80481172466781,103,3241,"S15_2015",171,4,"D","1.North","43.4_S15",86,253.451776649746,0.187619047619048,15.3484283866667,0.474313994333333,"Peak","1.North_Peak"
"104",-0.132498735985399,0.561755965706669,104,331,"S15_2015",172,3,"D","1.North","43.4_S15",88,228.68501529052,0.181666666666667,14.2352364833333,0.419250454333333,"Peak","1.North_Peak"
"105",-0.686664265588905,0.858294850703944,105,3391,"S16_2016",211,3,"D","1.North","41.8_S16",83,197.593688362919,0.181071428571429,12.9904508733333,0.442886800666667,"Peak","1.North_Peak"
"106",0.530396689272914,1.24607175926943,106,3401,"S16_2016",211,4,"D","1.North","41.8_S16",85,263.28,0.192307692307692,18.0974255166667,0.491343965333333,"Peak","1.North_Peak"
"107",-0.424203137409037,-1.70465278426675,107,3471,"S16_2016",212,3,"D","1.North","41.8_S16",88,324.933920704846,0.162142857142857,7.26862851944444,0.265208527,"Peak","1.North_Peak"
"108",-1.63390366332005,-0.530492403731312,108,3481,"S16_2016",212,4,"D","1.North","41.8_S16",90,208.125,0.214736842105263,8.67747437033333,0.221930255,"Peak","1.North_Peak"
"109",2.59599772742499,0.704203272777593,109,3551,"S16_2016",213,3,"D","1.North","41.8_S16",101,314.211764705882,0.146551724137931,18.17087927,0.738607096333333,"Peak","1.North_Peak"
"110",0.390269172065735,0.772365146253143,110,3631,"S16_2016",214,3,"D","1.North","41.8_S16",89,241.90036900369,0.174838709677419,15.62034685,0.484937358333333,"Peak","1.North_Peak"
"111",-0.742285425888067,-0.853042077033031,111,3641,"S16_2016",214,4,"D","1.North","41.8_S16",93,253.780821917808,0.192105263157895,8.805966912,0.307588388666667,"Peak","1.North_Peak"
"112",1.05845672335738,1.41726478406597,112,371,"S16_2016",215,3,"D","1.North","41.8_S16",88,252.293577981651,0.167692307692308,16.29112524,0.710636166,"Peak","1.North_Peak"
"113",1.86764979447322,-1.81502482119408,113,372,"S16_2016",215,4,"D","1.North","41.8_S16",110,341.29746835443,0.1264,11.3227701933333,0.427175349333333,"Peak","1.North_Peak"
"114",-1.44819362599327,0.353463044411671,114,3801,"S16_2016",216,4,"D","1.North","41.8_S16",87,219.636118598383,0.247333333333333,11.1630179335,0.331337337166667,"Peak","1.North_Peak"
"115",-1.02947393290918,-1.24957120717412,115,388,"S16_2016",217,4,"D","1.North","41.8_S16",92,270.905172413793,0.201739130434783,8.83938677066667,0.174863373,"Peak","1.North_Peak"
"116",1.41558100323143,-1.97356268508804,116,3961,"S16_2016",218,4,"D","1.North","41.8_S16",108,342.326732673267,0.14093023255814,11.8023290033333,0.290352249,"Peak","1.North_Peak"
"117",0.96747398039396,1.30956728840226,117,4031,"S16_2016",219,3,"D","1.North","41.8_S16",84,273.175074183976,0.1685,17.82780704,0.590704344666667,"Peak","1.North_Peak"
"118",-2.51724348844006,-0.877860949479072,118,404,"S16_2016",219,4,"D","1.North","41.8_S16",86,218.953488372093,0.245714285714286,6.27962187433333,0.132998381,"Peak","1.North_Peak"
"119",2.60798764733621,-0.463102014938478,119,411,"S16_2016",220,3,"D","1.North","41.8_S16",105,364.256926952141,0.147037037037037,15.5168758833333,0.643418446,"Peak","1.North_Peak"
"120",-1.46911830517316,-1.43392650552761,120,412,"S16_2016",220,4,"D","1.North","41.8_S16",92,259.463722397476,0.211333333333333,7.87509092766667,0.108925125666667,"Peak","1.North_Peak"
"121",-0.830415723402867,-0.202631376217538,121,420,"S17_2015",226,4,"D","1.North","41.7_S17",107,184.375,0.242962962962963,10.22934866,0.366047918333333,"Peak","1.North_Peak"
"122",0.852744377155123,0.560502724252672,122,4271,"S17_2015",227,3,"D","1.North","41.7_S17",96,259.704724409449,0.181428571428571,13.5635081333333,0.644610305333333,"Peak","1.North_Peak"
"123",-1.76325913930928,-0.741963534093704,123,4281,"S17_2015",227,4,"D","1.North","41.7_S17",91,218.899755501222,0.227222222222222,8.212360891,0.186234508666667,"Peak","1.North_Peak"
"124",-0.718878126339703,1.45381616459921,124,4351,"S17_2015",228,3,"D","1.North","41.7_S17",103,125.148986889154,0.254242424242424,15.4676474866667,0.452599333,"Peak","1.North_Peak"
"125",-2.10899385550027,-0.0277636173212304,125,4361,"S17_2015",228,4,"D","1.North","41.7_S17",88,180.052356020942,0.23875,8.04849370566667,0.284529542666667,"Peak","1.North_Peak"
"126",0.288164885601872,0.046439761617553,126,4431,"S17_2015",229,3,"D","1.North","41.7_S17",95,247.979452054795,0.176969696969697,13.15422528,0.445942446,"Peak","1.North_Peak"
"127",1.42161280569089,-1.26181598171101,127,4441,"S17_2015",229,4,"D","1.North","41.7_S17",104,319.354207436399,0.138108108108108,12.8560565566667,0.382211952,"Peak","1.North_Peak"
"128",3.24834617970245,-0.972019302096669,128,4511,"S17_2015",230,3,"D","1.North","41.7_S17",102,422.302904564315,0.112093023255814,15.1592732633333,0.665056201666667,"Peak","1.North_Peak"
"129",1.71891706494305,-1.11240583951409,129,4521,"S17_2015",230,4,"D","1.North","41.7_S17",112,315.467980295567,0.1624,12.21071958,0.516887915,"Peak","1.North_Peak"
"130",2.92571468574743,0.399982090511736,130,587,"S36_2015",368,3,"D","1.North","42.3_S36",102,308.949579831933,0.108181818181818,19.6912336133333,0.628864256333333,"Peak","1.North_Peak"
"131",-1.28533587354964,-1.74543865570203,131,588,"S36_2015",368,4,"D","1.North","42.3_S36",93,246.095076400679,0.173235294117647,7.13189534533333,0.0935007846666667,"Peak","1.North_Peak"
"132",-2.12623569356761,-2.07199593966555,132,596,"S36_2015",369,4,"D","1.North","42.3_S36",90,244.409937888199,0.195151515151515,4.02857572733333,0.0484251743333333,"Peak","1.North_Peak"
"133",-0.502435731903726,1.79040835659884,133,604,"S36_2015",370,4,"D","1.North","42.3_S36",88,191.946472019465,0.241764705882353,15.36090535,0.579626867333333,"Peak","1.North_Peak"
"134",1.290185561194,-0.350771448965885,134,611,"S36_2015",371,3,"D","1.North","42.3_S36",111,227.760416666667,0.147692307692308,12.6843456366667,0.551217934666667,"Peak","1.North_Peak"
"135",-0.839596174467649,0.649333583919952,135,612,"S36_2015",371,4,"D","1.North","42.3_S36",89,201.398305084746,0.214545454545455,12.2532962233333,0.427642053666667,"Peak","1.North_Peak"
"136",0.973623365926534,-0.839442992135771,136,620,"S36_2015",372,4,"D","1.North","42.3_S36",99,313.208955223881,0.1608,12.28246721,0.433263898333333,"Peak","1.North_Peak"
"137",0.559405039311057,1.19754899453929,137,627,"S36_2015",373,3,"D","1.North","42.3_S36",92,230.023094688222,0.188260869565217,13.25089182,0.743508015333333,"Peak","1.North_Peak"
"138",-0.43558943017348,1.20811115589468,138,628,"S36_2015",373,4,"D","1.North","42.3_S36",93,234.661190965092,0.270555555555556,14.7588750366667,0.522153553333333,"Peak","1.North_Peak"
"139",-1.39154957390055,0.141334566370504,139,636,"S36_2015",374,4,"D","1.North","42.3_S36",89,202.064156206416,0.2240625,9.46054044266667,0.373529409,"Peak","1.North_Peak"
"140",1.30333690752414,0.763174559860699,140,643,"S36_2015",375,3,"D","1.North","42.3_S36",92,264.823529411765,0.147826086956522,17.1310123,0.559715294333333,"Peak","1.North_Peak"
"141",-1.20831544553016,0.246395549256216,141,644,"S36_2015",375,4,"D","1.North","42.3_S36",82,213.333333333333,0.193333333333333,11.9677281466667,0.279025587333333,"Peak","1.North_Peak"
"142",1.0825906326707,-0.152161132143523,142,651,"S36_2015",376,3,"D","1.North","42.3_S36",110,230.481099656357,0.171176470588235,13.2349107633333,0.538460269666667,"Peak","1.North_Peak"
"143",-0.541640658392465,-0.818031379867822,143,652,"S36_2015",376,4,"D","1.North","42.3_S36",109,220.711743772242,0.234166666666667,11.26976063,0.231404421333333,"Peak","1.North_Peak"
"144",3.72857078921321,-0.213053550490693,144,3,"S02_2011",9,3,"D","3.South","32.9_S02",101,412.922755741127,0.108863636363636,18.82790372,0.713778264333333,"Pre","3.South_Pre"
"145",0.140448134707043,-0.848796824135245,145,11,"S02_2011",10,3,"D","3.South","32.9_S02",88,303.563535911602,0.150833333333333,9.51141342033333,0.422355910333333,"Pre","3.South_Pre"
"146",-2.76242409934326,-0.215954452099064,146,12,"S02_2011",10,4,"D","3.South","32.9_S02",88,178.434782608696,0.273809523809524,8.444987319,0.118564457666667,"Pre","3.South_Pre"
"147",-2.78042982591094,-1.19559137096278,147,20,"S02_2011",11,4,"D","3.South","32.9_S02",90,206.759776536313,0.255714285714286,5.51082710333333,0.059938492,"Pre","3.South_Pre"
"148",0.892809168029451,1.87162654779754,148,27,"S02_2011",12,3,"D","3.South","32.9_S02",87,215.697115384615,0.1664,17.9292094133333,0.680430159,"Pre","3.South_Pre"
"149",-1.54846652631558,0.537725358627003,149,28,"S02_2011",12,4,"D","3.South","32.9_S02",85,202.230347349177,0.237826086956522,11.1218496533333,0.346600637,"Pre","3.South_Pre"
"150",1.43685325001486,2.00498077416357,150,35,"S02_2011",13,3,"D","3.South","32.9_S02",95,202.832080200501,0.16625,19.8222927166667,0.703166891,"Pre","3.South_Pre"
"151",-0.881089196329105,0.497487907084663,151,36,"S02_2011",13,4,"D","3.South","32.9_S02",86,218.379888268156,0.210588235294118,13.39008664,0.325958237,"Pre","3.South_Pre"
"152",-0.179188478267038,0.559217582652625,152,43,"S02_2011",14,3,"D","3.South","32.9_S02",93,206.691505216095,0.186388888888889,10.1519467333333,0.632363474,"Pre","3.South_Pre"
"153",0.421365151004426,-0.860485672414177,153,44,"S02_2011",14,4,"D","3.South","32.9_S02",103,269.281553398058,0.177586206896552,11.2046988633333,0.385091616,"Pre","3.South_Pre"
"154",1.58210758248053,0.686800111267524,154,51,"S02_2011",15,3,"D","3.South","32.9_S02",95,273.55421686747,0.146470588235294,15.9662658466667,0.659850959,"Pre","3.South_Pre"
"155",-0.436903988054291,-0.30700338498211,155,52,"S02_2011",15,4,"D","3.South","32.9_S02",95,247.111486486486,0.204137931034483,8.58640941466667,0.499844164666667,"Pre","3.South_Pre"
"156",3.6726386877489,-1.09418615887353,156,59,"S07_2011",42,3,"D","3.South","34.3_S07",109,432.196078431373,0.121428571428571,15.7981180566667,0.688685401,"Pre","3.South_Pre"
"157",0.39755042901438,-0.617855196852544,157,60,"S07_2011",42,4,"D","3.South","34.3_S07",102,272.030905077263,0.18875,9.967865988,0.507880335666667,"Pre","3.South_Pre"
"158",1.5246884196296,-0.350780907201402,158,67,"S07_2011",43,3,"D","3.South","34.3_S07",91,347.069486404834,0.137916666666667,11.7204955733333,0.667972738666667,"Pre","3.South_Pre"
"159",-0.0590642198673256,-3.21253401676921,159,68,"S07_2011",43,4,"D","3.South","34.3_S07",101,337.537091988131,0.132156862745098,6.27706261033333,0.046084932,"Pre","3.South_Pre"
"160",1.25574977224707,0.656647905502694,160,75,"S07_2011",44,3,"D","3.South","34.3_S07",86,309.130434782609,0.153333333333333,14.6101941333333,0.678606698,"Pre","3.South_Pre"
"161",-1.21363145802026,-0.446850584223369,161,76,"S07_2011",44,4,"D","3.South","34.3_S07",86,254.339622641509,0.212,8.80067403,0.319533044,"Pre","3.South_Pre"
"162",-0.259529126117391,-0.591876081862096,162,83,"S07_2011",45,3,"D","3.South","34.3_S07",96,254.207547169811,0.189285714285714,10.1750783936667,0.377104936333333,"Pre","3.South_Pre"
"163",-0.817932734585024,-0.946256750748309,163,84,"S07_2011",45,4,"D","3.South","34.3_S07",89,261.545253863135,0.1812,11.25581976,0.134614609,"Pre","3.South_Pre"
"164",1.27855704533644,0.835615682446589,164,91,"S07_2011",46,3,"D","3.South","34.3_S07",89,292.049689440994,0.161,14.5293469233333,0.726557515,"Pre","3.South_Pre"
"165",-0.450507828882465,-0.598256192925454,165,92,"S07_2011",46,4,"D","3.South","34.3_S07",98,245.63981042654,0.204193548387097,9.43747543433333,0.386797964333333,"Pre","3.South_Pre"
"166",-0.347132645304018,1.9697362953352,166,99,"S07_2011",47,3,"D","3.South","34.3_S07",83,201.397849462366,0.22448275862069,16.5110042233333,0.577291326,"Pre","3.South_Pre"
"167",-0.3960997281504,-0.321181865707949,167,100,"S07_2011",47,4,"D","3.South","34.3_S07",87,246.920415224914,0.160555555555556,10.4962165033333,0.376831929333333,"Pre","3.South_Pre"
"168",2.02919394240217,-0.147170965148655,168,107,"S08_2011",68,3,"D","2.Center","36.7_S08",100,335.675675675676,0.152352941176471,15.07279844,0.626262782,"Pre","2.Center_Pre"
"169",-1.11812980342251,1.26270975309358,169,108,"S08_2011",68,4,"D","2.Center","36.7_S08",91,216.598173515982,0.292,11.7710745666667,0.579306441666667,"Pre","2.Center_Pre"
"170",0.797213613870181,0.769594969341211,170,115,"S08_2011",69,3,"D","2.Center","36.7_S08",88,302.098501070664,0.194583333333333,13.18934956,0.716251768,"Pre","2.Center_Pre"
"171",-2.66634926261914,-0.764941766749329,171,116,"S08_2011",69,4,"D","2.Center","36.7_S08",88,204.219910846954,0.258846153846154,6.02698370466667,0.147525469666667,"Pre","2.Center_Pre"
"172",0.338989531884591,1.20444627700801,172,123,"S10_2011",88,3,"D","2.Center","36.2_S10",85,225.791757049892,0.164642857142857,13.9076557566667,0.655088507666667,"Pre","2.Center_Pre"
"173",-0.816268448347713,-0.100277818085399,173,124,"S10_2011",88,4,"D","2.Center","36.2_S10",88,261.423948220065,0.220714285714286,9.912102955,0.413377951,"Pre","2.Center_Pre"
"174",2.26184682019908,0.20097195277286,174,131,"S10_2011",89,3,"D","2.Center","36.2_S10",101,317.113752122241,0.143658536585366,16.1545478833333,0.677211409666667,"Pre","2.Center_Pre"
"175",-4.15627501650099,-0.320052542040505,175,132,"S10_2011",89,4,"D","2.Center","36.2_S10",87,160.334029227557,0.342142857142857,5.2508788295,0.04503979275,"Pre","2.Center_Pre"
"176",-0.317333147173727,-1.3796585044029,176,308,"S18_2010",240,4,"D","2.Center","39.7_S18",111,246.498316498316,0.22,9.092615776,0.268491201333333,"Pre","2.Center_Pre"
"177",0.418213839525198,1.21173862568901,177,315,"S18_2010",241,3,"D","2.Center","39.7_S18",102,196.666666666667,0.2232,16.89652937,0.530853935,"Pre","2.Center_Pre"
"178",0.778535499016188,-0.313627328379387,178,316,"S18_2010",241,4,"D","2.Center","39.7_S18",107,259.517045454545,0.195555555555556,13.21070832,0.467102836333333,"Pre","2.Center_Pre"
"179",2.30236757899186,-0.753359875124759,179,323,"S18_2010",242,3,"D","2.Center","39.7_S18",102,367.098976109215,0.13952380952381,14.99654096,0.549031471666667,"Pre","2.Center_Pre"
"180",0.544066627161009,-2.301812143746,180,324,"S18_2010",242,4,"D","2.Center","39.7_S18",106,313.581661891118,0.145416666666667,9.347639917,0.188854089,"Pre","2.Center_Pre"
"181",-0.448214020261024,1.34748786338706,181,332,"S18_2010",243,4,"D","2.Center","39.7_S18",106,181.150202976996,0.2956,13.8248416866667,0.603022273,"Pre","2.Center_Pre"
"182",-0.524807267891151,-1.01598181754424,182,339,"S18_2010",244,3,"D","2.Center","39.7_S18",90,299.119170984456,0.193,7.12229913733333,0.415022651,"Pre","2.Center_Pre"
"183",-1.78680400433012,-1.08495073365897,183,340,"S18_2010",244,4,"D","2.Center","39.7_S18",96,215.47268907563,0.23219512195122,7.45008999766667,0.150915963666667,"Pre","2.Center_Pre"
"184",-0.346742363544877,1.323771239833,184,347,"S18_2010",245,3,"D","2.Center","39.7_S18",90,207.372881355932,0.228387096774194,13.62355859,0.598728483666667,"Pre","2.Center_Pre"
"185",-0.223881669843051,-0.657954979198599,185,348,"S18_2010",245,4,"D","2.Center","39.7_S18",92,259.43661971831,0.169047619047619,12.0642850966667,0.256119856666667,"Pre","2.Center_Pre"
"186",0.680972433676401,1.47444266793744,186,355,"S18_2010",246,3,"D","2.Center","39.7_S18",92,246.949152542373,0.213055555555556,15.8973864333333,0.697111656333333,"Pre","2.Center_Pre"
"187",2.71086433281752,-1.31027723357372,187,356,"S18_2010",246,4,"D","2.Center","39.7_S18",106,389.041095890411,0.121666666666667,15.3416807366667,0.479781228666667,"Pre","2.Center_Pre"
"188",-1.22846803682292,-1.33305099828805,188,363,"S18_2010",247,3,"D","2.Center","39.7_S18",86,260.888888888889,0.16875,6.63238802366667,0.222160681333333,"Pre","2.Center_Pre"
"189",-2.38648115376912,-0.0910278505509357,189,364,"S18_2010",247,4,"D","2.Center","39.7_S18",87,186.513274336283,0.256818181818182,9.040398458,0.175545159333333,"Pre","2.Center_Pre"
"190",2.07625381246482,0.773881173348188,190,379,"S29_2010",284,3,"D","2.Center","39.4_S29",90,347.992277992278,0.161875,18.2132954433333,0.670401558666667,"Pre","2.Center_Pre"
"191",0.848774564191118,-0.461031175052612,191,380,"S29_2010",284,4,"D","2.Center","39.4_S29",102,263.810264385692,0.16075,13.3965055333333,0.420791113333333,"Pre","2.Center_Pre"
"192",-1.55200527631681,1.27333316113365,192,387,"S29_2010",285,3,"D","2.Center","39.4_S29",85,203.988095238095,0.28,11.2352539733333,0.521994321666667,"Pre","2.Center_Pre"
"193",1.67976901815442,-0.366226334863652,193,395,"S29_2010",286,3,"D","2.Center","39.4_S29",103,326.21359223301,0.171666666666667,14.75729162,0.539188702666667,"Pre","2.Center_Pre"
"194",-2.54199158706756,0.0837616863155732,194,396,"S29_2010",286,4,"D","2.Center","39.4_S29",87,167.248322147651,0.259130434782609,8.75102021233333,0.197858925,"Pre","2.Center_Pre"
"195",1.27386188860049,-0.858443905805993,195,403,"S29_2010",287,3,"D","2.Center","39.4_S29",102,329.502572898799,0.166571428571429,9.46319221666667,0.646130226,"Pre","2.Center_Pre"
"196",0.562583454360525,0.713818853521048,196,427,"S29_2010",290,3,"D","2.Center","39.4_S29",93,227.546728971963,0.164615384615385,13.3822668533333,0.618821818,"Pre","2.Center_Pre"
"197",-0.195870693000394,-1.07377012638184,197,428,"S29_2010",290,4,"D","2.Center","39.4_S29",105,246.978417266187,0.198571428571429,10.3679587233333,0.276535692333333,"Pre","2.Center_Pre"
"198",0.641977362524062,0.510114864891168,198,435,"S32_2010",305,3,"D","2.Center","37.5_S32",91,286.594982078853,0.192413793103448,13.0743220733333,0.632930932333333,"Pre","2.Center_Pre"
"199",-2.27758850313163,-1.16700491021667,199,436,"S32_2010",305,4,"D","2.Center","37.5_S32",87,238.151515151515,0.235714285714286,5.945890969,0.131638563,"Pre","2.Center_Pre"
"200",-1.68931618114367,1.47186283769812,200,443,"S32_2010",306,3,"D","2.Center","37.5_S32",85,176.43391521197,0.276551724137931,13.0663426533333,0.431505709,"Pre","2.Center_Pre"
"201",-2.8176201659354,-0.5315631964075,201,444,"S32_2010",306,4,"D","2.Center","37.5_S32",87,204.012345679012,0.277714285714286,6.82330449733333,0.136246277333333,"Pre","2.Center_Pre"
"202",-3.14119366974614,-0.216283237272887,202,451,"S32_2010",307,3,"D","2.Center","37.5_S32",82,196.228070175439,0.285,7.12780572233333,0.130422367333333,"Pre","2.Center_Pre"
"203",-3.76488858938772,-1.3555470630492,203,452,"S32_2010",307,4,"D","2.Center","37.5_S32",84,197.257769652651,0.2735,1.81505876766667,0.053396821,"Pre","2.Center_Pre"
"204",0.635742989581694,1.77020312220899,204,467,"S32_2010",309,3,"D","2.Center","37.5_S32",92,222.75,0.211764705882353,18.0038086766667,0.631513209,"Pre","2.Center_Pre"
"205",-0.87590301101286,-0.669035530118347,205,468,"S32_2010",309,4,"D","2.Center","37.5_S32",91,242.981029810298,0.194210526315789,12.0378683266667,0.144005213333333,"Pre","2.Center_Pre"
"206",-2.51940254666521,-0.194767260424554,206,476,"S32_2010",310,4,"D","2.Center","37.5_S32",84,218.99721448468,0.276153846153846,9.815593738,0.102590834333333,"Pre","2.Center_Pre"
"207",0.710955194349908,-1.23074969383464,207,483,"S32_2010",311,3,"D","2.Center","37.5_S32",100,175.095541401274,0.0314,9.40874980666667,0.361565641333333,"Pre","2.Center_Pre"
"208",-0.964294095505861,-0.299590514259961,208,484,"S32_2010",311,4,"D","2.Center","37.5_S32",89,246.875,0.213333333333333,11.3969979733333,0.254034823666667,"Pre","2.Center_Pre"
"209",4.09997542109599,-1.92975632189545,209,139,"S15_2010",148,3,"D","1.North","43.4_S15",105,504.021739130435,0.092,15.9741448833333,0.576197384,"Pre","1.North_Pre"
"210",1.54002007356604,-0.0689914285551776,210,147,"S15_2010",149,3,"D","1.North","43.4_S15",102,287.308868501529,0.155714285714286,14.18349766,0.593159836666667,"Pre","1.North_Pre"
"211",0.0181808081688397,0.74381676626118,211,148,"S15_2010",149,4,"D","1.North","43.4_S15",94,216.041055718475,0.200588235294118,14.6443442333333,0.471308539333333,"Pre","1.North_Pre"
"212",-0.445650886313126,1.13671462617102,212,155,"S15_2010",150,3,"D","1.North","43.4_S15",84,180.366972477064,0.167692307692308,12.4419068733333,0.567727191333333,"Pre","1.North_Pre"
"213",0.0582913561832696,-1.08226599853549,213,164,"S15_2010",151,4,"D","1.North","43.4_S15",91,319.96855345912,0.176666666666667,11.45095606,0.266415069666667,"Pre","1.North_Pre"
"214",-0.551639874380727,-0.626678296428003,214,171,"S15_2010",152,3,"D","1.North","43.4_S15",91,270.925666199158,0.198055555555556,10.3923157973333,0.311622972,"Pre","1.North_Pre"
"215",-1.451765554142,0.427851452811448,215,172,"S15_2010",152,4,"D","1.North","43.4_S15",96,202.516556291391,0.283125,11.9924689566667,0.316016564,"Pre","1.North_Pre"
"216",1.02911038105922,0.723753097180431,216,179,"S15_2010",153,3,"D","1.North","43.4_S15",87,282.387096774194,0.155,16.4301404566667,0.546384967333333,"Pre","1.North_Pre"
"217",-3.11371630063219,-0.0946574717165447,217,180,"S15_2010",153,4,"D","1.North","43.4_S15",81,163.174157303371,0.254285714285714,7.883685146,0.097602147,"Pre","1.North_Pre"
"218",3.05571473427807,0.936867187288317,218,187,"S15_2010",154,3,"D","1.North","43.4_S15",102,313.471698113208,0.1325,19.7075280266667,0.782419037333333,"Pre","1.North_Pre"
"219",2.06617281155179,-0.685399555145985,219,188,"S15_2010",154,4,"D","1.North","43.4_S15",106,330.860215053763,0.1488,17.02475011,0.405664832666667,"Pre","1.North_Pre"
"220",-0.170458801037658,-0.450834501547906,220,195,"S15_2010",155,3,"D","1.North","43.4_S15",101,249.115646258503,0.21,8.216663826,0.541563692333333,"Pre","1.North_Pre"
"221",-0.133210931862225,-0.355859746368895,221,196,"S15_2010",155,4,"D","1.North","43.4_S15",99,263.188602442334,0.216764705882353,9.752304382,0.491162690333333,"Pre","1.North_Pre"
"222",-0.059151081626226,-0.442343395331219,222,203,"S15_2010",156,3,"D","1.North","43.4_S15",87,311.242937853107,0.189642857142857,9.96083185466667,0.470845824666667,"Pre","1.North_Pre"
"223",-1.65975555451423,-1.92316669764348,223,204,"S15_2010",156,4,"D","1.North","43.4_S15",97,260,0.222962962962963,6.10253224533333,0.0706729313333333,"Pre","1.North_Pre"
"224",-1.3523993616305,-0.744535388763136,224,212,"S16_2010",183,4,"D","1.North","41.8_S16",94,230.102389078498,0.225384615384615,9.783615106,0.176689015333333,"Pre","1.North_Pre"
"225",1.98188597999788,-1.701497134678,225,219,"S16_2010",184,3,"D","1.North","41.8_S16",104,373.239436619718,0.122413793103448,10.4699464766667,0.524684467666667,"Pre","1.North_Pre"
"226",2.03493417816281,-1.4497058286812,226,227,"S16_2010",185,3,"D","1.North","41.8_S16",105,374.498141263941,0.141578947368421,13.4722257266667,0.434352425333333,"Pre","1.North_Pre"
"227",-1.47830212439709,1.16327470187678,227,228,"S16_2010",185,4,"D","1.North","41.8_S16",86,207.053231939163,0.276842105263158,11.27481733,0.508505234666667,"Pre","1.North_Pre"
"228",2.23969575773801,-1.16931674039871,228,235,"S16_2010",186,3,"D","1.North","41.8_S16",92,405.515151515152,0.103125,12.67820147,0.563802633333333,"Pre","1.North_Pre"
"229",1.75374533494601,-0.411133933147052,229,236,"S16_2010",186,4,"D","1.North","41.8_S16",107,317.243735763098,0.1756,13.98896101,0.585452988666667,"Pre","1.North_Pre"
"230",0.441513560814887,0.331195068830376,230,244,"S16_2010",187,4,"D","1.North","41.8_S16",104,212.904841402337,0.193225806451613,10.7208059366667,0.671039127,"Pre","1.North_Pre"
"231",1.44104329441016,-0.258656518484524,231,251,"S16_2010",188,3,"D","1.North","41.8_S16",99,297.844155844156,0.148076923076923,15.6682863766667,0.450204942666667,"Pre","1.North_Pre"
"232",-0.295478142069693,-0.838228804856173,232,252,"S16_2010",188,4,"D","1.North","41.8_S16",99,261.231671554252,0.200588235294118,10.23607402,0.320745894333333,"Pre","1.North_Pre"
"233",-2.21521341655537,0.0371614076766419,233,259,"S16_2010",189,3,"D","1.North","41.8_S16",83,199.841772151899,0.243076923076923,8.75530765566667,0.246595389333333,"Pre","1.North_Pre"
"234",-1.86138993373177,-0.61596410339665,234,260,"S16_2010",189,4,"D","1.North","41.8_S16",86,231.56043956044,0.2275,8.76997448766667,0.167705575666667,"Pre","1.North_Pre"
"235",0.705128859407641,-1.22580623425274,235,268,"S16_2010",190,4,"D","1.North","41.8_S16",93,340.3125,0.152380952380952,11.6099855866667,0.337876867333333,"Pre","1.North_Pre"
"236",0.331558785996655,-0.0303119502428261,236,275,"S17_2011",221,3,"D","1.North","41.7_S17",100,208.203883495146,0.158461538461538,13.1849626066667,0.417575463333333,"Pre","1.North_Pre"
"237",-0.661577186634082,0.310088254707138,237,276,"S17_2011",221,4,"D","1.North","41.7_S17",99,200.480427046263,0.234166666666667,12.0049212633333,0.410217552333333,"Pre","1.North_Pre"
"238",-0.703998626323909,0.815869821836854,238,283,"S17_2011",222,3,"D","1.North","41.7_S17",96,181.928571428571,0.233333333333333,13.55301335,0.423028724333333,"Pre","1.North_Pre"
"239",0.761428769007886,-1.31456314760585,239,284,"S17_2011",222,4,"D","1.North","41.7_S17",106,292.817869415808,0.166285714285714,11.3069882666667,0.342651456333333,"Pre","1.North_Pre"
"240",1.3164244227878,1.0933580741132,240,291,"S17_2011",223,3,"D","1.North","41.7_S17",102,222.513888888889,0.175609756097561,15.3877937566667,0.735195208666667,"Pre","1.North_Pre"
"241",-2.45782307845722,-0.105144510210366,241,292,"S17_2011",223,4,"D","1.North","41.7_S17",95,166.490610328638,0.284,9.134320889,0.163818734,"Pre","1.North_Pre"
"242",0.503385638704739,0.762643046781635,242,299,"S17_2011",224,3,"D","1.North","41.7_S17",95,243.785310734463,0.196666666666667,12.95964229,0.661683156666667,"Pre","1.North_Pre"
"243",-0.344368715677434,-0.522167604012362,243,300,"S17_2011",224,4,"D","1.North","41.7_S17",102,220.51724137931,0.199375,10.8395979266667,0.338065888333333,"Pre","1.North_Pre"
"244",1.03696141898028,1.12282903867954,244,491,"S36_2011",340,3,"D","1.North","42.3_S36",110,173.967136150235,0.193636363636364,15.84932999,0.663477232666667,"Pre","1.North_Pre"
"245",-1.51388305098359,0.348391268488659,245,492,"S36_2011",340,4,"D","1.North","42.3_S36",89,203.798701298701,0.2464,10.2122418966667,0.366518913666667,"Pre","1.North_Pre"
"246",-0.592205234545237,0.960688216940232,246,499,"S36_2011",341,3,"D","1.North","42.3_S36",87,213.802816901408,0.215151515151515,12.2272033366667,0.545602504333333,"Pre","1.North_Pre"
"247",-2.65598721051675,-1.06402941957551,247,500,"S36_2011",341,4,"D","1.North","42.3_S36",88,206.233766233766,0.243157894736842,5.49252329233333,0.106050616333333,"Pre","1.North_Pre"
"248",0.23956963296146,2.34700660090656,248,507,"S36_2011",342,3,"D","1.North","42.3_S36",88,178.773424190801,0.209642857142857,18.1107456333333,0.667551219666667,"Pre","1.North_Pre"
"249",-3.04401106870932,0.711288882150196,249,508,"S36_2011",342,4,"D","1.North","42.3_S36",85,172.268907563025,0.324545454545455,9.945109803,0.210731584333333,"Pre","1.North_Pre"
"250",-1.57568716640042,1.19565476404997,250,515,"S36_2011",343,3,"D","1.North","42.3_S36",81,206.359743040685,0.259444444444444,11.8142212133333,0.458794183,"Pre","1.North_Pre"
"251",-2.25666815375758,-1.3363202479819,251,516,"S36_2011",343,4,"D","1.North","42.3_S36",86,217.878787878788,0.200869565217391,5.993522035,0.0737799503333333,"Pre","1.North_Pre"
"252",0.9130443566914,1.50537449358183,252,523,"S36_2011",344,3,"D","1.North","42.3_S36",92,229.6336996337,0.182,15.8554958233333,0.729422098666667,"Pre","1.North_Pre"
"253",1.75844948739002,-2.12074628082692,253,524,"S36_2011",344,4,"D","1.North","42.3_S36",106,379.853658536585,0.132258064516129,10.766753,0.382185902,"Pre","1.North_Pre"
"254",-2.11565784057778,0.688841847278469,254,532,"S36_2011",345,4,"D","1.North","42.3_S36",88,187.849462365591,0.290625,13.3423149033333,0.176585979,"Pre","1.North_Pre"
"255",1.23661277493483,0.572114093274053,255,539,"S36_2011",346,3,"D","1.North","42.3_S36",97,250.971128608924,0.1524,14.2248468266667,0.664981045333333,"Pre","1.North_Pre"
"256",-1.97447946565921,0.464114461486538,256,540,"S36_2011",346,4,"D","1.North","42.3_S36",93,169.538714991763,0.275909090909091,12.0405108,0.213872463,"Pre","1.North_Pre"
"257",0.524228521050351,0.113602194323426,257,547,"S36_2011",347,3,"D","1.North","42.3_S36",93,279.166666666667,0.1824,12.8968069033333,0.527818086,"Pre","1.North_Pre"
"258",-2.00816528093571,-0.309954189464946,258,548,"S36_2011",347,4,"D","1.North","42.3_S36",92,189.773828756058,0.2476,9.72726685133333,0.156005007666667,"Pre","1.North_Pre"
"259",0.110669493343381,0.0954298225551792,259,555,"S36_2011",348,3,"D","1.North","42.3_S36",101,207.142857142857,0.184871794871795,12.7959248433333,0.438857968333333,"Pre","1.North_Pre"
"260",2.70665320029343,-0.162254171268959,260,556,"S36_2011",348,4,"D","1.North","42.3_S36",109,318.063241106719,0.133157894736842,14.6258584433333,0.759227220666667,"Pre","1.North_Pre"
"261",-0.0579162835418251,0.664250423153717,261,564,"S36_2011",349,4,"D","1.North","42.3_S36",94,216.75,0.2,12.1758592433333,0.575504667,"Pre","1.North_Pre"
"262",0.324348373097331,-0.966497520706211,262,73,"S02_2014",28,3,"W","3.South","32.9_S02",93,318.134490238612,0.170740740740741,9.33440165133333,0.453797760333333,"Peak","3.South_Peak"
"263",-1.61014633567989,0.55629856780053,263,81,"S02_2014",28,4,"W","3.South","32.9_S02",90,215.113122171946,0.27625,5.820800557,0.653259168666667,"Peak","3.South_Peak"
"264",1.16514720666885,0.0997147968856524,264,153,"S02_2014",29,3,"W","3.South","32.9_S02",95,272.156862745098,0.139090909090909,12.0601729133333,0.665579471333333,"Peak","3.South_Peak"
"265",1.21429285817815,1.73392532532077,265,16,"S02_2014",29,4,"W","3.South","32.9_S02",97,225.266272189349,0.195,15.94187535,0.835919675333333,"Peak","3.South_Peak"
"266",1.68310453375336,0.504663408447206,266,233,"S02_2014",30,3,"W","3.South","32.9_S02",101,271.722222222222,0.156521739130435,13.57576004,0.77509523,"Peak","3.South_Peak"
"267",0.264897455832599,-0.660624785747023,267,241,"S02_2014",30,4,"W","3.South","32.9_S02",103,264.777183600713,0.193448275862069,9.110144118,0.522071451,"Peak","3.South_Peak"
"268",0.117578885651068,0.821402642613681,268,313,"S02_2014",31,3,"W","3.South","32.9_S02",85,246.535211267606,0.1775,12.4398666266667,0.622450881333333,"Peak","3.South_Peak"
"269",0.307736765622292,0.991399384644478,269,32,"S02_2014",31,4,"W","3.South","32.9_S02",88,244.62915601023,0.186190476190476,11.53003253,0.748744114666667,"Peak","3.South_Peak"
"270",-0.534934617396885,-1.67986589248225,270,392,"S02_2014",32,3,"W","3.South","32.9_S02",96,265.089285714286,0.1568,7.152178149,0.241043182,"Peak","3.South_Peak"
"271",-0.283652774806563,0.228146825158543,271,473,"S02_2014",33,3,"W","3.South","32.9_S02",93,245.595463137996,0.2116,9.58348227366667,0.593434186,"Peak","3.South_Peak"
"272",0.512089888464967,0.38355558639232,272,633,"S02_2014",35,3,"W","3.South","32.9_S02",98,240.056417489422,0.186578947368421,12.0560927066667,0.624429292666667,"Peak","3.South_Peak"
"273",-0.105773006974872,0.422922208535745,273,711,"S02_2014",36,3,"W","3.South","32.9_S02",89,261.053984575835,0.204736842105263,11.1287586423333,0.583540755,"Peak","3.South_Peak"
"274",-1.11117975879658,0.404815691740157,274,721,"S02_2014",36,4,"W","3.South","32.9_S02",88,211.276595744681,0.222631578947368,10.19992592,0.443337309666667,"Peak","3.South_Peak"
"275",-0.643337681733179,-0.113344048032964,275,791,"S02_2014",37,3,"W","3.South","32.9_S02",84,244,0.170588235294118,9.85712380766667,0.416061656666667,"Peak","3.South_Peak"
"276",1.06469129876532,-0.0168960834071199,276,801,"S02_2014",37,4,"W","3.South","32.9_S02",102,302.511111111111,0.204545454545455,12.00706048,0.664629000666667,"Peak","3.South_Peak"
"277",0.742011686546942,0.531788835203583,277,871,"S07_2014",48,3,"W","3.South","34.3_S07",93,244.169278996865,0.1595,15.5508964466667,0.494002901666667,"Peak","3.South_Peak"
"278",0.830438322969012,0.351094269915459,278,88,"S07_2014",48,4,"W","3.South","34.3_S07",100,269.600997506234,0.2005,12.3948035033333,0.671052828666667,"Peak","3.South_Peak"
"279",0.29893123205631,1.38955293309354,279,951,"S07_2014",49,3,"W","3.South","34.3_S07",85,222.805194805195,0.175,14.1132746366667,0.681380636666667,"Peak","3.South_Peak"
"280",-2.04500008822907,-0.609168806390532,280,961,"S07_2014",49,4,"W","3.South","34.3_S07",95,180.594855305466,0.239230769230769,7.98925714,0.173340602,"Peak","3.South_Peak"
"281",0.816665948537247,0.91794683036185,281,1031,"S07_2014",50,3,"W","3.South","34.3_S07",101,217.342256214149,0.193703703703704,17.6810262733333,0.486646906,"Peak","3.South_Peak"
"282",2.62229544702469,1.3396049363741,282,1041,"S07_2014",50,4,"W","3.South","34.3_S07",94,323.419483101392,0.152424242424242,18.9811408366667,0.842295979666667,"Peak","3.South_Peak"
"283",0.963461836691466,0.933966036816588,283,1111,"S07_2014",51,3,"W","3.South","34.3_S07",98,225.83081570997,0.174210526315789,15.2357295666667,0.643549534333333,"Peak","3.South_Peak"
"284",0.624654379166334,1.43747686261409,284,1191,"S07_2014",52,3,"W","3.South","34.3_S07",94,197.101727447217,0.179655172413793,16.8173306066667,0.600269999,"Peak","3.South_Peak"
"285",-1.28754789973404,-0.377757178834692,285,120,"S07_2014",52,4,"W","3.South","34.3_S07",99,193.864013266998,0.231923076923077,8.795457129,0.318562256333333,"Peak","3.South_Peak"
"286",-0.498168113996597,1.69794855469452,286,1271,"S07_2014",53,3,"W","3.South","34.3_S07",92,165.150602409639,0.228965517241379,12.0189092766667,0.731781343,"Peak","3.South_Peak"
"287",0.814165640205968,-0.165790706862168,287,1351,"S07_2014",54,3,"W","3.South","34.3_S07",104,253.511450381679,0.180689655172414,14.0449682266667,0.451095253333333,"Peak","3.South_Peak"
"288",-2.05155265877468,-0.870458632236935,288,136,"S07_2014",54,4,"W","3.South","34.3_S07",99,180.889830508475,0.245833333333333,7.31748954133333,0.155613336666667,"Peak","3.South_Peak"
"289",-0.0526484913399884,-0.827500284214842,289,1431,"S07_2014",55,3,"W","3.South","34.3_S07",99,255.372279495991,0.178163265306122,9.96209967566667,0.370283995,"Peak","3.South_Peak"
"290",1.7640046814987,-0.237340382135058,290,1511,"S07_2014",56,3,"W","3.South","34.3_S07",101,309.426934097421,0.145416666666667,13.4663589833333,0.636768076333333,"Peak","3.South_Peak"
"291",0.816679752826479,-0.404542077374036,291,1591,"S07_2014",57,3,"W","3.South","34.3_S07",109,245.95009596929,0.186071428571429,13.74863503,0.417006990333333,"Peak","3.South_Peak"
"292",1.73904507663803,0.894353206343786,292,1671,"S08_2013",80,3,"W","2.Center","36.7_S08",105,270.453257790368,0.196111111111111,16.4647118533333,0.731527762333333,"Peak","2.Center_Peak"
"293",-1.47072275927312,-0.677300860129069,293,1681,"S08_2013",80,4,"W","2.Center","36.7_S08",107,210.16081871345,0.285,8.41146053766667,0.271307845666667,"Peak","2.Center_Peak"
"294",1.3732159321475,0.11416802025836,294,1751,"S08_2013",81,3,"W","2.Center","36.7_S08",97,296.198630136986,0.162222222222222,16.6057624366667,0.474235844333333,"Peak","2.Center_Peak"
"295",-1.34339497635275,0.903857925226406,295,1831,"S08_2013",82,3,"W","2.Center","36.7_S08",88,191.026936026936,0.2475,10.24494573,0.515089718333333,"Peak","2.Center_Peak"
"296",0.000317878339410785,0.313217470635819,296,1841,"S08_2013",82,4,"W","2.Center","36.7_S08",105,239.212121212121,0.253846153846154,11.1680566666667,0.597694195666667,"Peak","2.Center_Peak"
"297",-0.904015717584199,0.689432565978136,297,1911,"S08_2013",83,3,"W","2.Center","36.7_S08",94,218.22869955157,0.262352941176471,11.55092784,0.491246067,"Peak","2.Center_Peak"
"298",1.86207185803535,0.156868843444863,298,1921,"S08_2013",83,4,"W","2.Center","36.7_S08",120,246.836935166994,0.2036,17.2674241433333,0.548313792,"Peak","2.Center_Peak"
"299",1.58091769733411,0.93387297297945,299,1991,"S08_2013",84,3,"W","2.Center","36.7_S08",92,292.974358974359,0.1625,15.8121307666667,0.734300474666667,"Peak","2.Center_Peak"
"300",-0.980786803246146,0.594373569787642,300,2071,"S10_2014",98,3,"W","2.Center","36.2_S10",84,246.878306878307,0.23625,10.19641316,0.52351658,"Peak","2.Center_Peak"
"301",-3.25488645375039,0.626354733813594,301,2151,"S10_2014",99,3,"W","2.Center","36.2_S10",88,210.827067669173,0.38,2.975223107,0.573249424,"Peak","2.Center_Peak"
"302",1.74925117967022,-0.5033025440152,302,2161,"S10_2014",99,4,"W","2.Center","36.2_S10",118,264.20233463035,0.175227272727273,10.65643006,0.73632812,"Peak","2.Center_Peak"
"303",0.669310482251509,-1.30681300982972,303,2231,"S10_2014",100,3,"W","2.Center","36.2_S10",105,303.747927031509,0.177352941176471,10.3031163666667,0.390526646666667,"Peak","2.Center_Peak"
"304",1.76548646717205,-1.29390743669064,304,2241,"S10_2014",100,4,"W","2.Center","36.2_S10",117,322.070588235294,0.180851063829787,11.7293345033333,0.523328084,"Peak","2.Center_Peak"
"305",2.84826331373989,-0.92059256455335,305,2391,"S10_2014",102,3,"W","2.Center","36.2_S10",120,353.592233009709,0.171666666666667,14.26931779,0.667198793333333,"Peak","2.Center_Peak"
"306",-1.74661031960392,-0.118492640196851,306,240,"S10_2014",102,4,"W","2.Center","36.2_S10",90,235.555555555556,0.27,7.704783499,0.378568800666667,"Peak","2.Center_Peak"
"307",-1.87629179396905,-0.984426200569958,307,2471,"S10_2014",103,3,"W","2.Center","36.2_S10",96,233.449163449163,0.259,5.46301884933333,0.283145965666667,"Peak","2.Center_Peak"
"308",3.45719045838347,-0.712013625244849,308,2551,"S10_2014",104,3,"W","2.Center","36.2_S10",111,377.701612903226,0.118095238095238,16.9380657233333,0.656078922,"Peak","2.Center_Peak"
"309",-2.36876321543081,-0.22157091633543,309,2561,"S10_2014",104,4,"W","2.Center","36.2_S10",103,164.956822107081,0.304736842105263,2.04843098966667,0.554943156333333,"Peak","2.Center_Peak"
"310",1.60017342857753,1.3840316267144,310,2631,"S10_2014",105,3,"W","2.Center","36.2_S10",92,267.878787878788,0.165,18.7536448766667,0.670091850666667,"Peak","2.Center_Peak"
"311",-1.61508528252113,-1.04823296909432,311,264,"S10_2014",105,4,"W","2.Center","36.2_S10",104,216.520874751491,0.264736842105263,7.71500472533333,0.193052000666667,"Peak","2.Center_Peak"
"312",-2.10578445218223,1.7846520790227,312,4631,"S18_2014",266,3,"W","2.Center","39.7_S18",87,157.488708220416,0.316285714285714,13.4632684,0.417178291333333,"Peak","2.Center_Peak"
"313",0.141790324469422,0.347175747794174,313,4641,"S18_2014",266,4,"W","2.Center","39.7_S18",113,181.217510259918,0.235806451612903,14.2560838433333,0.439808941,"Peak","2.Center_Peak"
"314",1.19510931733104,1.35038164333554,314,4711,"S18_2014",267,3,"W","2.Center","39.7_S18",103,221.56202143951,0.2040625,16.97188428,0.696051664333333,"Peak","2.Center_Peak"
"315",-2.01854613505701,0.563508144880732,315,4721,"S18_2014",267,4,"W","2.Center","39.7_S18",91,187.413010590015,0.287391304347826,8.39894516,0.437346138333333,"Peak","2.Center_Peak"
"316",1.03240247573313,0.481769949912765,316,4791,"S18_2014",268,3,"W","2.Center","39.7_S18",100,259.527559055118,0.186764705882353,15.5004111266667,0.556872658,"Peak","2.Center_Peak"
"317",-1.75277451856451,-0.131721464047358,317,4871,"S18_2014",269,3,"W","2.Center","39.7_S18",92,202.357630979499,0.250857142857143,9.639245475,0.251254289666667,"Peak","2.Center_Peak"
"318",0.401123698116917,0.492264092822631,318,4881,"S18_2014",269,4,"W","2.Center","39.7_S18",102,229.94708994709,0.21,10.2340931066667,0.737671647,"Peak","2.Center_Peak"
"319",1.60858097686192,0.0990572270702909,319,4951,"S18_2014",270,3,"W","2.Center","39.7_S18",104,301.090146750524,0.183461538461538,14.36889544,0.649445319666667,"Peak","2.Center_Peak"
"320",-1.46669636101769,0.316106481370289,320,4961,"S18_2014",270,4,"W","2.Center","39.7_S18",99,202.404730617608,0.292692307692308,11.07898936,0.344044309666667,"Peak","2.Center_Peak"
"321",0.305878790784218,0.876687385129426,321,5031,"S18_2014",271,3,"W","2.Center","39.7_S18",101,199.520766773163,0.208666666666667,15.08020998,0.530121326333333,"Peak","2.Center_Peak"
"322",-0.985500736632258,0.347303889999437,322,5041,"S18_2014",271,4,"W","2.Center","39.7_S18",103,222.630359212051,0.297586206896552,8.66823713833333,0.579230726,"Peak","2.Center_Peak"
"323",-0.324178456554242,-0.259353951265616,323,5111,"S18_2014",272,3,"W","2.Center","39.7_S18",100,235.63484708063,0.2158,10.5700490466667,0.425532300333333,"Peak","2.Center_Peak"
"324",-0.846353854157514,0.431405908796243,324,512,"S18_2014",272,4,"W","2.Center","39.7_S18",96,214.570200573066,0.249285714285714,9.59990893333333,0.545504467666667,"Peak","2.Center_Peak"
"325",-1.74932538545789,1.12117641664369,325,5191,"S18_2014",273,3,"W","2.Center","39.7_S18",88,185.629228687415,0.284230769230769,11.3514589066667,0.444233482333333,"Peak","2.Center_Peak"
"326",0.887210797530672,0.279976032839077,326,5201,"S18_2014",273,4,"W","2.Center","39.7_S18",114,236.20218579235,0.236129032258065,14.6655860166667,0.552382082333333,"Peak","2.Center_Peak"
"327",-3.08880264884042,-0.324278193012948,327,5271,"S29_2015",302,3,"W","2.Center","39.4_S29",91,163.402948402948,0.290714285714286,6.419682771,0.151477094666667,"Peak","2.Center_Peak"
"328",-4.77007429886201,0.703638684775642,328,5281,"S29_2015",302,4,"W","2.Center","39.4_S29",89,122.042253521127,0.417647058823529,6.72387020133333,0.104158681333333,"Peak","2.Center_Peak"
"329",-1.65851137935374,0.678587692972931,329,5431,"S32_2014",322,3,"W","2.Center","37.5_S32",96,184.749498997996,0.293529411764706,10.53131286,0.414317234333333,"Peak","2.Center_Peak"
"330",-2.48574929205073,-0.399036471295168,330,5441,"S32_2014",322,4,"W","2.Center","37.5_S32",101,184.081027667984,0.31625,7.76795629933333,0.190101687333333,"Peak","2.Center_Peak"
"331",1.20756308650608,0.672667267269727,331,5511,"S32_2014",323,3,"W","2.Center","37.5_S32",107,260.451745379877,0.221363636363636,14.9014932866667,0.681765973666667,"Peak","2.Center_Peak"
"332",-1.27599385348982,-0.29202945502742,332,5521,"S32_2014",323,4,"W","2.Center","37.5_S32",113,204.082503556188,0.319545454545455,10.4360362933333,0.296364015333333,"Peak","2.Center_Peak"
"333",0.838287685753843,0.979555582977617,333,5591,"S32_2014",324,3,"W","2.Center","37.5_S32",95,257.328244274809,0.201538461538462,17.4068435133333,0.531686005,"Peak","2.Center_Peak"
"334",-0.151020991554359,1.41324932510207,334,5601,"S32_2014",324,4,"W","2.Center","37.5_S32",90,255.63025210084,0.264444444444444,13.5679409433333,0.686283666666667,"Peak","2.Center_Peak"
"335",-2.22112352978871,0.0276116927313266,335,5671,"S32_2014",325,3,"W","2.Center","37.5_S32",89,190.675675675676,0.2664,9.668791622,0.203222019333333,"Peak","2.Center_Peak"
"336",2.74581469443319,0.085089955141924,336,5681,"S32_2014",325,4,"W","2.Center","37.5_S32",118,287.596741344196,0.163666666666667,16.30431635,0.737235358333333,"Peak","2.Center_Peak"
"337",-0.289020356137999,1.66966607088574,337,575,"S32_2014",326,3,"W","2.Center","37.5_S32",90,186.769911504425,0.226,15.86247404,0.556006096,"Peak","2.Center_Peak"
"338",1.45618755820981,-0.54754351789188,338,583,"S32_2014",327,3,"W","2.Center","37.5_S32",105,303.602251407129,0.1665625,14.4028987633333,0.470395728,"Peak","2.Center_Peak"
"339",-1.96711567624301,1.92568475294015,339,584,"S32_2014",327,4,"W","2.Center","37.5_S32",90,134.289044289044,0.306428571428571,11.79962713,0.555027238333333,"Peak","2.Center_Peak"
"340",3.38509439302337,-1.13162694768427,340,664,"S18_2014",386,4,"W","2.Center","39.7_S18",121,363.562753036437,0.137222222222222,15.0638097333333,0.661237130333333,"Peak","2.Center_Peak"
"341",2.38438210059602,-0.279583143336669,341,2711,"S15_2015",164,3,"W","1.North","43.4_S15",104,322.97213622291,0.1292,15.5682517666667,0.621255032666667,"Peak","1.North_Peak"
"342",3.68741721217333,-1.12236384088236,342,272,"S15_2015",164,4,"W","1.North","43.4_S15",116,383.071895424837,0.109285714285714,15.87422204,0.664393000666667,"Peak","1.North_Peak"
"343",3.55635279656989,-0.788453048670837,343,2791,"S15_2015",165,3,"W","1.North","43.4_S15",104,415.931677018634,0.107333333333333,18.0372811433333,0.599926575,"Peak","1.North_Peak"
"344",-0.545681976700957,-0.192016703845946,344,280,"S15_2015",165,4,"W","1.North","43.4_S15",95,220.425963488844,0.1972,12.85454537,0.260802691666667,"Peak","1.North_Peak"
"345",0.758028347698498,-1.87034165701174,345,2871,"S15_2015",166,3,"W","1.North","43.4_S15",105,272.222222222222,0.111315789473684,10.87734085,0.211948472666667,"Peak","1.North_Peak"
"346",0.870233148222184,0.549343336026343,346,288,"S15_2015",166,4,"W","1.North","43.4_S15",102,234.792452830189,0.189285714285714,15.55929118,0.534390937333333,"Peak","1.North_Peak"
"347",0.838351118383892,-0.0752736768594947,347,2951,"S15_2015",167,3,"W","1.North","43.4_S15",102,248.544891640867,0.17,15.2307672466667,0.403520783333333,"Peak","1.North_Peak"
"348",3.7818722904995,-0.208454070288529,348,304,"S15_2015",168,4,"W","1.North","43.4_S15",112,363.42939481268,0.119655172413793,22.5969237133333,0.512370741,"Peak","1.North_Peak"
"349",-0.972717249933033,0.655187165442465,349,3111,"S15_2015",169,3,"W","1.North","43.4_S15",88,190.950764006791,0.210357142857143,13.3040601866667,0.342134577666667,"Peak","1.North_Peak"
"350",-1.16258781873678,-0.14993672816247,350,312,"S15_2015",169,4,"W","1.North","43.4_S15",97,222.003780718336,0.251904761904762,9.31102281033333,0.379206693,"Peak","1.North_Peak"
"351",0.532930278126402,1.26306097586655,351,3191,"S15_2015",170,3,"W","1.North","43.4_S15",96,203.056133056133,0.1924,16.59894966,0.565143246,"Peak","1.North_Peak"
"352",0.317391558102771,1.05985975507383,352,3271,"S15_2015",171,3,"W","1.North","43.4_S15",88,231.1,0.181818181818182,17.0995925866667,0.45402046,"Peak","1.North_Peak"
"353",-0.649589288090055,1.59144042824581,353,328,"S15_2015",171,4,"W","1.North","43.4_S15",91,187.430500397141,0.2518,14.3904728533333,0.566637149666667,"Peak","1.North_Peak"
"354",2.36862102128937,0.0181284667091078,354,3351,"S15_2015",172,3,"W","1.North","43.4_S15",104,324.008438818565,0.148125,16.1819665833333,0.65938635,"Peak","1.North_Peak"
"355",-0.979249137540168,-1.7912382928378,355,336,"S15_2015",172,4,"W","1.North","43.4_S15",101,269.496644295302,0.212857142857143,7.64403198566667,0.137315817,"Peak","1.North_Peak"
"356",0.342274095711807,1.92474147231925,356,3431,"S16_2016",211,3,"W","1.North","41.8_S16",88,223.095238095238,0.22,17.3222458366667,0.652690374333333,"Peak","1.North_Peak"
"357",-1.91906745948721,0.200037730927654,357,344,"S16_2016",211,4,"W","1.North","41.8_S16",90,184.400871459695,0.255,11.10418663,0.210507983333333,"Peak","1.North_Peak"
"358",1.28874979508276,-1.08693818616654,358,3511,"S16_2016",212,3,"W","1.North","41.8_S16",106,309.104046242775,0.157272727272727,12.1886152133333,0.440106322,"Peak","1.North_Peak"
"359",-0.0509003446840152,0.273119120633424,359,352,"S16_2016",212,4,"W","1.North","41.8_S16",92,243.971014492754,0.191666666666667,10.51575028,0.584414032333333,"Peak","1.North_Peak"
"360",-1.41949873280181,-0.398481757126399,360,3591,"S16_2016",213,3,"W","1.North","41.8_S16",87,220.543293718166,0.203103448275862,9.06171056866667,0.265871110333333,"Peak","1.North_Peak"
"361",-1.16700408141107,0.141331197892643,361,3601,"S16_2016",213,4,"W","1.North","41.8_S16",87,216.470588235294,0.2125,10.8574774766667,0.335357008,"Peak","1.North_Peak"
"362",-1.15817431404511,-0.873240415543895,362,3671,"S16_2016",214,3,"W","1.North","41.8_S16",89,259.461883408072,0.202727272727273,6.24018493366667,0.374047662,"Peak","1.North_Peak"
"363",-1.04576149043506,-2.11701067997263,363,368,"S16_2016",214,4,"W","1.North","41.8_S16",106,240.063694267516,0.19625,5.55335925566667,0.154225020666667,"Peak","1.North_Peak"
"364",-0.324469695526707,1.22138328453394,364,3751,"S16_2016",215,3,"W","1.North","41.8_S16",87,219.100204498978,0.212608695652174,9.362289363,0.809277069333333,"Peak","1.North_Peak"
"365",1.48490692188394,-0.0904309142540537,365,376,"S16_2016",215,4,"W","1.North","41.8_S16",97,324.065934065934,0.165454545454545,12.6460371933333,0.675682541,"Peak","1.North_Peak"
"366",-1.53599640714723,0.765549004856901,366,3831,"S16_2016",216,3,"W","1.North","41.8_S16",91,176.203554119548,0.257916666666667,12.9774561133333,0.301268903,"Peak","1.North_Peak"
"367",-1.52537005323699,-0.0412904179978627,367,3841,"S16_2016",216,4,"W","1.North","41.8_S16",102,164.072727272727,0.2578125,11.88066695,0.18516515,"Peak","1.North_Peak"
"368",1.71808704209132,0.259005765448494,368,3911,"S16_2016",217,3,"W","1.North","41.8_S16",104,263.040152963671,0.149428571428571,15.02550372,0.642832524666667,"Peak","1.North_Peak"
"369",2.96321075030917,-0.496980911461574,369,3991,"S16_2016",218,3,"W","1.North","41.8_S16",112,341.793611793612,0.135666666666667,15.9739752866667,0.665967170333333,"Peak","1.North_Peak"
"370",0.376390996438323,-0.745546649753,370,407,"S16_2016",219,3,"W","1.North","41.8_S16",98,276.602687140115,0.168064516129032,11.3158742433333,0.392361639666667,"Peak","1.North_Peak"
"371",-1.53145673062433,0.179771471690615,371,4151,"S16_2016",220,3,"W","1.North","41.8_S16",93,201.976744186047,0.258,10.7467437633333,0.302719322666667,"Peak","1.North_Peak"
"372",-1.47476439183944,-0.463623424414513,372,4161,"S16_2016",220,4,"W","1.North","41.8_S16",96,215.58886509636,0.245789473684211,9.31289066833333,0.248532972666667,"Peak","1.North_Peak"
"373",-0.15028520581082,0.0798755685843296,373,4231,"S17_2015",226,3,"W","1.North","41.7_S17",102,213.865450399088,0.21390243902439,12.6253141933333,0.412945383666667,"Peak","1.North_Peak"
"374",-0.628565726722986,-0.751773225413562,374,4311,"S17_2015",227,3,"W","1.North","41.7_S17",100,217.140740740741,0.192857142857143,10.14280878,0.269743677666667,"Peak","1.North_Peak"
"375",0.718329502223179,0.424789398329294,375,432,"S17_2015",227,4,"W","1.North","41.7_S17",103,226.9176882662,0.190333333333333,14.7306050433333,0.523601803,"Peak","1.North_Peak"
"376",-1.94382186679007,1.0173315404869,376,4391,"S17_2015",228,3,"W","1.North","41.7_S17",90,151.446613088404,0.2721875,12.83197195,0.290754902,"Peak","1.North_Peak"
"377",2.32201419955218,0.612170378305814,377,4471,"S17_2015",229,3,"W","1.North","41.7_S17",108,270.36023054755,0.157727272727273,19.66681949,0.582028291333333,"Peak","1.North_Peak"
"378",-1.83736108893287,-0.849975632118714,378,448,"S17_2015",229,4,"W","1.North","41.7_S17",107,171.186252771619,0.265294117647059,8.52432099666667,0.141254822333333,"Peak","1.North_Peak"
"379",-0.24261640776075,-0.563620912372181,379,4551,"S17_2015",230,3,"W","1.North","41.7_S17",99,221.518026565465,0.175666666666667,11.29421355,0.310880102333333,"Peak","1.North_Peak"
"380",0.281032767940711,0.147803880356163,380,591,"S36_2015",368,3,"W","1.North","42.3_S36",87,277.048710601719,0.166190476190476,10.49844882,0.613404979,"Peak","1.North_Peak"
"381",3.04094507949217,-1.13641494497366,381,599,"S36_2015",369,3,"W","1.North","42.3_S36",113,356.666666666667,0.114,15.63112018,0.551944654,"Peak","1.North_Peak"
"382",0.209880153928217,0.209811322269335,382,600,"S36_2015",369,4,"W","1.North","42.3_S36",99,229.157024793388,0.195161290322581,13.73901354,0.440233164666667,"Peak","1.North_Peak"
"383",1.38119888298852,-0.0457748708924998,383,607,"S36_2015",370,3,"W","1.North","42.3_S36",107,271.123595505618,0.178,13.0250609933333,0.640560287333333,"Peak","1.North_Peak"
"384",2.41129349274645,-0.20779476025756,384,615,"S36_2015",371,3,"W","1.North","42.3_S36",104,313.696275071633,0.124642857142857,17.8187280166667,0.513788554,"Peak","1.North_Peak"
"385",1.12109851963039,-0.856778401185546,385,623,"S36_2015",372,3,"W","1.North","42.3_S36",102,302.428940568475,0.1548,12.2298129733333,0.454277590666667,"Peak","1.North_Peak"
"386",0.0855834997985271,-0.997105583712627,386,624,"S36_2015",372,4,"W","1.North","42.3_S36",108,270.434782608696,0.220416666666667,10.5427271333333,0.351898725333333,"Peak","1.North_Peak"
"387",0.596871645003227,-1.27727233614947,387,631,"S36_2015",373,3,"W","1.North","42.3_S36",104,269.851973684211,0.148292682926829,11.44606513,0.298554123666667,"Peak","1.North_Peak"
"388",2.5825337298169,0.550250741306399,388,632,"S36_2015",373,4,"W","1.North","42.3_S36",114,285.322966507177,0.177872340425532,16.3864961566667,0.810659892666667,"Peak","1.North_Peak"
"389",2.75563802593515,-1.46907344290121,389,639,"S36_2015",374,3,"W","1.North","42.3_S36",111,415.746835443038,0.158,12.4207997133333,0.638465459,"Peak","1.North_Peak"
"390",1.61227362370057,-0.717158984592399,390,647,"S36_2015",375,3,"W","1.North","42.3_S36",107,279.515151515152,0.132,12.22644097,0.559113568333333,"Peak","1.North_Peak"
"391",0.385252158969689,-0.249744009283837,391,655,"S36_2015",376,3,"W","1.North","42.3_S36",93,266.909492273731,0.161785714285714,13.7582980866667,0.362387752666667,"Peak","1.North_Peak"
"392",1.68810714181255,-1.04275463257929,392,7,"S02_2011",9,3,"W","3.South","32.9_S02",105,328.181818181818,0.146666666666667,15.0942039033333,0.362407558,"Pre","3.South_Pre"
"393",2.37117146683841,-0.422718950967854,393,8,"S02_2011",9,4,"W","3.South","32.9_S02",112,327.741935483871,0.166071428571429,13.1892771666667,0.738430616,"Pre","3.South_Pre"
"394",1.64320858655367,-0.329029500859526,394,15,"S02_2011",10,3,"W","3.South","32.9_S02",100,319.152249134948,0.152105263157895,12.6103889666667,0.647038504666667,"Pre","3.South_Pre"
"395",1.54342288726276,0.980379843650449,395,23,"S02_2011",11,3,"W","3.South","32.9_S02",100,255.836431226766,0.173548387096774,14.8146292533333,0.790123583,"Pre","3.South_Pre"
"396",0.380302169132144,1.52616216768098,396,24,"S02_2011",11,4,"W","3.South","32.9_S02",98,202.688927943761,0.2276,16.5342221066667,0.615800493,"Pre","3.South_Pre"
"397",2.3754550563357,2.1212285762402,397,31,"S02_2011",12,3,"W","3.South","32.9_S02",96,254.375,0.16,20.6254255933333,0.865667218333333,"Pre","3.South_Pre"
"398",-1.59656242343051,-1.53723299191848,398,39,"S02_2011",13,3,"W","3.South","32.9_S02",90,241.332335329341,0.185555555555556,5.89626660866667,0.15456621,"Pre","3.South_Pre"
"399",1.29045757211229,0.942891614484352,399,47,"S02_2011",14,3,"W","3.South","32.9_S02",106,220.41166380789,0.188064516129032,15.4205208866667,0.701771966333333,"Pre","3.South_Pre"
"400",-2.84696184742824,-1.15917770025362,400,55,"S02_2011",15,3,"W","3.South","32.9_S02",96,164.618608549874,0.253829787234043,5.166622431,0.064552591,"Pre","3.South_Pre"
"401",-2.13536928314069,-1.62724440574271,401,63,"S07_2011",42,3,"W","3.South","34.3_S07",94,173.653846153846,0.173333333333333,2.619038129,0.19484787,"Pre","3.South_Pre"
"402",-3.16291666634627,-0.0561197509872309,402,64,"S07_2011",42,4,"W","3.South","34.3_S07",86,163.17254174397,0.283684210526316,5.58999995466667,0.238147203333333,"Pre","3.South_Pre"
"403",-2.06015745891045,-0.56799997359805,403,71,"S07_2011",43,3,"W","3.South","34.3_S07",85,203.236363636364,0.211538461538462,7.67183907833333,0.187548924333333,"Pre","3.South_Pre"
"404",-1.00380510183818,0.242562095383359,404,72,"S07_2011",43,4,"W","3.South","34.3_S07",85,232.472222222222,0.211764705882353,11.6615800066667,0.346397868333333,"Pre","3.South_Pre"
"405",-1.13559664078688,0.421062259319783,405,79,"S07_2011",44,3,"W","3.South","34.3_S07",83,200.434782608696,0.19,11.0915891733333,0.374243064333333,"Pre","3.South_Pre"
"406",-1.69609192045066,0.931415054675598,406,80,"S07_2011",44,4,"W","3.South","34.3_S07",86,191.05,0.260869565217391,7.197080991,0.630356924333333,"Pre","3.South_Pre"
"407",0.548974558542455,0.00905641006014499,407,87,"S07_2011",45,3,"W","3.South","34.3_S07",92,262.787456445993,0.155135135135135,13.6603492,0.450129593333333,"Pre","3.South_Pre"
"408",0.48180064969757,0.637362091142415,408,95,"S07_2011",46,3,"W","3.South","34.3_S07",89,266.278260869565,0.1796875,11.28409787,0.718609847,"Pre","3.South_Pre"
"409",1.0336989663327,-0.0984578358254353,409,96,"S07_2011",46,4,"W","3.South","34.3_S07",103,301.069767441861,0.204761904761905,10.54269159,0.721467248666667,"Pre","3.South_Pre"
"410",0.107793526891365,0.767774485659586,410,103,"S07_2011",47,3,"W","3.South","34.3_S07",91,209.015384615385,0.171052631578947,12.1673327233333,0.612643632666667,"Pre","3.South_Pre"
"411",-0.35487026374644,-0.278495562979408,411,104,"S07_2011",47,4,"W","3.South","34.3_S07",95,234.119850187266,0.190714285714286,11.78838022,0.335469074666667,"Pre","3.South_Pre"
"412",0.397129681142697,0.519032602318939,412,111,"S08_2011",68,3,"W","2.Center","36.7_S08",97,264.178082191781,0.219,11.4921753733333,0.685492198666667,"Pre","2.Center_Pre"
"413",0.361120139456496,-1.14359539571176,413,112,"S08_2011",68,4,"W","2.Center","36.7_S08",107,285.173267326733,0.202,11.16424781,0.330439256666667,"Pre","2.Center_Pre"
"414",-0.204547246251339,1.01759816985021,414,119,"S08_2011",69,3,"W","2.Center","36.7_S08",91,240.400890868597,0.236315789473684,12.21325666,0.647000816666667,"Pre","2.Center_Pre"
"415",1.4698958166996,0.491997840648242,415,127,"S10_2011",88,3,"W","2.Center","36.2_S10",101,315.825471698113,0.212,13.3058103466667,0.785659205666667,"Pre","2.Center_Pre"
"416",-0.6172364485488,-0.262540207646735,416,135,"S10_2011",89,3,"W","2.Center","36.2_S10",104,204.872521246459,0.227741935483871,9.81286815666667,0.411868577333333,"Pre","2.Center_Pre"
"417",3.70915267307324,-1.61834444709677,417,311,"S18_2010",240,3,"W","2.Center","39.7_S18",118,391.601941747573,0.0980952380952381,14.89572931,0.610252125,"Pre","2.Center_Pre"
"418",-0.985943859203112,1.47101938411755,418,319,"S18_2010",241,3,"W","2.Center","39.7_S18",90,175.31490015361,0.250384615384615,12.00683991,0.605980244666667,"Pre","2.Center_Pre"
"419",-1.81767513809067,0.940856185516853,419,320,"S18_2010",241,4,"W","2.Center","39.7_S18",100,163.58630952381,0.32,10.3872213066667,0.459033544666667,"Pre","2.Center_Pre"
"420",-1.28746769846462,0.53515460435043,420,327,"S18_2010",242,3,"W","2.Center","39.7_S18",94,163.298969072165,0.230952380952381,12.7609601,0.292344130333333,"Pre","2.Center_Pre"
"421",-1.66426111349265,0.0295437664754051,421,335,"S18_2010",243,3,"W","2.Center","39.7_S18",95,209.702479338843,0.275,8.777570394,0.364111712666667,"Pre","2.Center_Pre"
"422",0.768656046003117,0.750811623941724,422,343,"S18_2010",244,3,"W","2.Center","39.7_S18",98,257.650485436893,0.206,13.2857983133333,0.697977678666667,"Pre","2.Center_Pre"
"423",-0.53589667563157,0.686671719399969,423,351,"S18_2010",245,3,"W","2.Center","39.7_S18",98,209.655172413793,0.248571428571429,11.35166752,0.560772461,"Pre","2.Center_Pre"
"424",-0.501930919364977,1.2448546977123,424,359,"S18_2010",246,3,"W","2.Center","39.7_S18",94,213.693379790941,0.260909090909091,12.6867690966667,0.622418444,"Pre","2.Center_Pre"
"425",-0.460089626618028,-1.63612950942593,425,360,"S18_2010",246,4,"W","2.Center","39.7_S18",106,248.204488778055,0.190952380952381,8.197178861,0.220901326,"Pre","2.Center_Pre"
"426",4.00408273946546,-0.637593273083621,426,367,"S18_2010",247,3,"W","2.Center","39.7_S18",116,393.685300207039,0.123846153846154,16.6005368633333,0.798352175333333,"Pre","2.Center_Pre"
"427",2.44856711389507,0.642513201291588,427,375,"S29_2010",283,3,"W","2.Center","39.4_S29",112,268.039772727273,0.163720930232558,14.0766208833333,0.922056758,"Pre","2.Center_Pre"
"428",-0.321622844872368,3.49582670371649,428,383,"S29_2010",284,3,"W","2.Center","39.4_S29",92,137.288659793814,0.293939393939394,17.7822971466667,0.866563067666667,"Pre","2.Center_Pre"
"429",0.463437937342846,-1.44037992104457,429,384,"S29_2010",284,4,"W","2.Center","39.4_S29",105,295.454545454545,0.17741935483871,10.8093043566667,0.293789672,"Pre","2.Center_Pre"
"430",1.2356544523392,1.80450363435289,430,391,"S29_2010",285,3,"W","2.Center","39.4_S29",95,231.233624454148,0.194893617021277,18.4504141666667,0.718505060333333,"Pre","2.Center_Pre"
"431",1.60291583740059,0.188803267020496,431,399,"S29_2010",286,3,"W","2.Center","39.4_S29",103,294.721603563474,0.1796,16.4790732233333,0.548558077666667,"Pre","2.Center_Pre"
"432",-1.77422808699712,1.10924070799556,432,400,"S29_2010",286,4,"W","2.Center","39.4_S29",96,158.479338842975,0.3025,12.4448383666667,0.380507413,"Pre","2.Center_Pre"
"433",0.289629316867658,1.22961464731329,433,408,"S29_2010",287,4,"W","2.Center","39.4_S29",103,232.955390334572,0.269,13.2132266566667,0.744796469,"Pre","2.Center_Pre"
"434",0.963076172599041,-0.530907494519955,434,415,"S29_2010",288,3,"W","2.Center","39.4_S29",96,302.869269949066,0.155,14.2452618733333,0.385394593,"Pre","2.Center_Pre"
"435",0.0609676175364688,-0.901765836050966,435,416,"S29_2010",288,4,"W","2.Center","39.4_S29",104,258.081395348837,0.195454545454545,10.9660006766667,0.329374949666667,"Pre","2.Center_Pre"
"436",4.09808885924049,0.358020203388129,436,423,"S29_2010",289,3,"W","2.Center","39.4_S29",113,366.160220994475,0.134074074074074,20.7139130566667,0.805790156333333,"Pre","2.Center_Pre"
"437",-1.61347686875524,0.83167481808666,437,424,"S29_2010",289,4,"W","2.Center","39.4_S29",92,172.913223140496,0.268888888888889,12.6985781633333,0.321619312,"Pre","2.Center_Pre"
"438",-0.581573959515312,-0.00606128461631361,438,431,"S29_2010",290,3,"W","2.Center","39.4_S29",97,216.215277777778,0.213333333333333,9.64437120833333,0.478607041333333,"Pre","2.Center_Pre"
"439",-1.43782247242268,-1.21215316168479,439,439,"S32_2010",305,3,"W","2.Center","37.5_S32",94,231.687979539642,0.205789473684211,8.06133332666667,0.144013841666667,"Pre","2.Center_Pre"
"440",0.790877723005063,-0.235449507251864,440,447,"S32_2010",306,3,"W","2.Center","37.5_S32",93,306.459627329193,0.169473684210526,12.43816378,0.525490309,"Pre","2.Center_Pre"
"441",-3.98979745387834,-0.0913542375101009,441,455,"S32_2010",307,3,"W","2.Center","37.5_S32",83,168.913342503439,0.330454545454545,5.675039688,0.098136621,"Pre","2.Center_Pre"
"442",-2.70788443399257,-1.44608095724812,442,456,"S32_2010",307,4,"W","2.Center","37.5_S32",97,186.605633802817,0.253571428571429,4.67990932966667,0.0590945003333333,"Pre","2.Center_Pre"
"443",3.66738618002076,-1.75419674600185,443,463,"S32_2010",308,3,"W","2.Center","37.5_S32",106,483.610315186246,0.116333333333333,13.7190160633333,0.666615977,"Pre","2.Center_Pre"
"444",1.24500548366933,0.836383619339766,444,464,"S32_2010",308,4,"W","2.Center","37.5_S32",106,231.68253968254,0.196875,16.3253924066667,0.627332241333333,"Pre","2.Center_Pre"
"445",-2.1395500114758,1.4550468911205,445,471,"S32_2010",309,3,"W","2.Center","37.5_S32",83,183.388429752066,0.3025,11.7002683033333,0.434522034,"Pre","2.Center_Pre"
"446",-3.23580492303664,-0.598022119354083,446,472,"S32_2010",309,4,"W","2.Center","37.5_S32",88,156.358695652174,0.262857142857143,5.138311764,0.119312148,"Pre","2.Center_Pre"
"447",3.13111651418278,-0.203927470342383,447,479,"S32_2010",310,3,"W","2.Center","37.5_S32",104,383.4375,0.138378378378378,17.2667687633333,0.700019244666667,"Pre","2.Center_Pre"
"448",-0.479460343722647,-0.529481186113145,448,487,"S32_2010",311,3,"W","2.Center","37.5_S32",97,233.786549707602,0.195428571428571,11.2456881833333,0.289953991333333,"Pre","2.Center_Pre"
"449",1.21406924666333,1.49971456649602,449,488,"S32_2010",311,4,"W","2.Center","37.5_S32",103,227.80487804878,0.217058823529412,17.34415094,0.719623392666667,"Pre","2.Center_Pre"
"450",-1.44829168770207,-0.303341675655008,450,143,"S15_2010",148,3,"W","1.North","43.4_S15",90,204.237804878049,0.211612903225806,10.0720526966667,0.226608686333333,"Pre","1.North_Pre"
"451",0.407211599817034,-0.873054431436655,451,151,"S15_2010",149,3,"W","1.North","43.4_S15",106,244.63768115942,0.1725,13.4158298633333,0.250274846666667,"Pre","1.North_Pre"
"452",2.92882054670597,-0.954095673034739,452,152,"S15_2010",149,4,"W","1.North","43.4_S15",105,374.105011933174,0.110263157894737,19.3984837633333,0.365532075,"Pre","1.North_Pre"
"453",-1.83645534336546,-0.162600416534153,453,159,"S15_2010",150,3,"W","1.North","43.4_S15",82,168.695652173913,0.1725,10.4579878633333,0.136582694,"Pre","1.North_Pre"
"454",1.60586811651066,-3.22419152966135,454,160,"S15_2010",150,4,"W","1.North","43.4_S15",106,413.52,0.113636363636364,10.0105134533333,0.152797401333333,"Pre","1.North_Pre"
"455",-0.816055398106653,-1.07452380328707,455,167,"S15_2010",151,3,"W","1.North","43.4_S15",89,266.135135135135,0.176190476190476,8.95107426033333,0.232172156,"Pre","1.North_Pre"
"456",-1.457316271985,-0.118844150898779,456,168,"S15_2010",151,4,"W","1.North","43.4_S15",97,200.390625,0.256,11.0703404233333,0.232223303666667,"Pre","1.North_Pre"
"457",1.10493474475226,0.504048367017594,457,175,"S15_2010",152,3,"W","1.North","43.4_S15",103,232.209302325581,0.172,14.6099096,0.610705260333333,"Pre","1.North_Pre"
"458",0.178808059308053,0.406187633397494,458,183,"S15_2010",153,3,"W","1.North","43.4_S15",89,233.692946058091,0.160666666666667,13.9831573633333,0.447071609666667,"Pre","1.North_Pre"
"459",-1.79497206122661,-0.00368484054319096,459,184,"S15_2010",153,4,"W","1.North","43.4_S15",87,206.898954703833,0.239166666666667,9.658827319,0.265221181,"Pre","1.North_Pre"
"460",-0.16843785158061,1.07858283914468,460,191,"S15_2010",154,3,"W","1.North","43.4_S15",88,165.416666666667,0.153333333333333,14.3138622733333,0.492821061333333,"Pre","1.North_Pre"
"461",-0.00108304587347441,2.52072013682744,461,192,"S15_2010",154,4,"W","1.North","43.4_S15",91,201.931034482759,0.271875,16.4014814266667,0.791802565333333,"Pre","1.North_Pre"
"462",-1.71851842842521,0.163649169279327,462,199,"S15_2010",155,3,"W","1.North","43.4_S15",86,213.068035943517,0.2434375,9.647955481,0.319916509666667,"Pre","1.North_Pre"
"463",0.395545230216373,-1.11100339668722,463,207,"S15_2010",156,3,"W","1.North","43.4_S15",88,336.709511568123,0.149615384615385,9.76450436366667,0.404931953666667,"Pre","1.North_Pre"
"464",-1.10593919228988,0.998071697516486,464,208,"S15_2010",156,4,"W","1.North","43.4_S15",91,186.418918918919,0.246666666666667,9.87432462066667,0.598498606333333,"Pre","1.North_Pre"
"465",-1.38372281419601,1.78421787965512,465,215,"S16_2010",183,3,"W","1.North","41.8_S16",89,192.476780185758,0.307619047619048,13.04229748,0.576767048,"Pre","1.North_Pre"
"466",0.145776619563536,0.323769534825049,466,216,"S16_2010",183,4,"W","1.North","41.8_S16",102,225.7,0.216216216216216,11.5416797333333,0.584127309666667,"Pre","1.North_Pre"
"467",0.688129154726572,0.635570524437537,467,223,"S16_2010",184,3,"W","1.North","41.8_S16",101,228.353474320242,0.194705882352941,14.46543268,0.581065997,"Pre","1.North_Pre"
"468",-1.67941786267202,-0.943260012663027,468,224,"S16_2010",184,4,"W","1.North","41.8_S16",97,226.421636615811,0.248620689655172,8.400897837,0.160124778666667,"Pre","1.North_Pre"
"469",-0.679719685565085,0.237535692243145,469,231,"S16_2010",185,3,"W","1.North","41.8_S16",93,195.486618004866,0.195714285714286,12.0387828766667,0.368368605,"Pre","1.North_Pre"
"470",0.412551612165502,0.0497434591865534,470,232,"S16_2010",185,4,"W","1.North","41.8_S16",102,237.090352220521,0.192058823529412,10.6120752466667,0.614906082333333,"Pre","1.North_Pre"
"471",0.82263131206552,0.767530637908201,471,239,"S16_2010",186,3,"W","1.North","41.8_S16",91,268.190045248869,0.1768,13.4959881766667,0.687278042666667,"Pre","1.North_Pre"
"472",3.01595328981993,-0.442023702102065,472,247,"S16_2010",187,3,"W","1.North","41.8_S16",110,336.446991404011,0.120344827586207,16.83669469,0.631233806,"Pre","1.North_Pre"
"473",1.03704507722294,-0.78842631227875,473,255,"S16_2010",188,3,"W","1.North","41.8_S16",100,303.404255319149,0.156666666666667,13.95775079,0.359762409,"Pre","1.North_Pre"
"474",0.803597926975668,-0.896793207886041,474,256,"S16_2010",188,4,"W","1.North","41.8_S16",86,358.471615720524,0.143125,10.6774557566667,0.478147624666667,"Pre","1.North_Pre"
"475",-0.672611215439769,0.285349218505371,475,263,"S16_2010",189,3,"W","1.North","41.8_S16",85,226.079545454545,0.185263157894737,12.4060643633333,0.361042807333333,"Pre","1.North_Pre"
"476",-0.116836002105945,0.0105162797974004,476,271,"S16_2010",190,3,"W","1.North","41.8_S16",92,256.437768240343,0.194166666666667,11.0354032666667,0.490380755333333,"Pre","1.North_Pre"
"477",4.495493477986,-0.552026329597635,477,279,"S17_2011",221,3,"W","1.North","41.7_S17",114,419.83606557377,0.110909090909091,20.0703429233333,0.715971271666667,"Pre","1.North_Pre"
"478",-1.94677852225664,-1.22104253683451,478,287,"S17_2011",222,3,"W","1.North","41.7_S17",96,213.710344827586,0.233870967741935,6.78772163466667,0.128599050333333,"Pre","1.North_Pre"
"479",-0.810476805161878,-0.271197787760615,479,295,"S17_2011",223,3,"W","1.North","41.7_S17",99,205.690890481064,0.217111111111111,11.1777996133333,0.293892204333333,"Pre","1.North_Pre"
"480",-0.958143220215708,-0.0209744355197978,480,296,"S17_2011",223,4,"W","1.North","41.7_S17",98,207.963525835866,0.235,7.75570773333333,0.518961589333333,"Pre","1.North_Pre"
"481",-1.29747411777607,0.275518768099061,481,303,"S17_2011",224,3,"W","1.North","41.7_S17",101,160.619469026549,0.251111111111111,12.54940454,0.25536384,"Pre","1.North_Pre"
"482",0.597895136091436,1.06522217407067,482,495,"S36_2011",340,3,"W","1.North","42.3_S36",90,226.886993603412,0.1675,15.9304394166667,0.563104058666667,"Pre","1.North_Pre"
"483",-1.16717458818582,-0.149038532246789,483,496,"S36_2011",340,4,"W","1.North","42.3_S36",94,201.639344262295,0.2196,11.37736026,0.243976473666667,"Pre","1.North_Pre"
"484",0.918437879811148,0.657125486182142,484,503,"S36_2011",341,3,"W","1.North","42.3_S36",98,241.063829787234,0.17625,14.9214632866667,0.596495333333333,"Pre","1.North_Pre"
"485",-0.82094029063356,-0.857196048393923,485,504,"S36_2011",341,4,"W","1.North","42.3_S36",104,226.13698630137,0.228125,8.18971743466667,0.338654647,"Pre","1.North_Pre"
"486",-0.572247001767649,0.743912428837583,486,511,"S36_2011",342,3,"W","1.North","42.3_S36",87,219.841772151899,0.210666666666667,15.5519198266667,0.318215443333333,"Pre","1.North_Pre"
"487",1.20407143730049,-0.652678915299638,487,519,"S36_2011",343,3,"W","1.North","42.3_S36",109,300.847457627119,0.196666666666667,14.1149870566667,0.431589224666667,"Pre","1.North_Pre"
"488",0.387186919477388,0.431684395793568,488,520,"S36_2011",343,4,"W","1.North","42.3_S36",94,274.238578680203,0.207368421052632,9.991461282,0.743321133,"Pre","1.North_Pre"
"489",2.01923476955957,0.146601637927607,489,527,"S36_2011",344,3,"W","1.North","42.3_S36",107,277.267904509284,0.1508,15.07813494,0.674882023666667,"Pre","1.North_Pre"
"490",-1.13066621163864,0.304426556092765,490,528,"S36_2011",344,4,"W","1.North","42.3_S36",85,234.45434298441,0.2245,10.0427832333333,0.432404377333333,"Pre","1.North_Pre"
"491",2.93995223956056,-0.432955618104933,491,543,"S36_2011",346,3,"W","1.North","42.3_S36",122,345.289575289575,0.199230769230769,19.4243579533333,0.519277457,"Pre","1.North_Pre"
"492",1.46491657740542,0.473215617255368,492,544,"S36_2011",346,4,"W","1.North","42.3_S36",108,253.156934306569,0.188965517241379,13.2335660466667,0.759435149,"Pre","1.North_Pre"
"493",0.394496415369765,1.07515051017074,493,551,"S36_2011",347,3,"W","1.North","42.3_S36",96,241.6875,0.228571428571429,17.07492486,0.499252945333333,"Pre","1.North_Pre"
"494",2.51504234821626,-1.11433489728435,494,552,"S36_2011",347,4,"W","1.North","42.3_S36",118,356.358595194085,0.174516129032258,11.6301401133333,0.710564974333333,"Pre","1.North_Pre"
"495",0.450354914852826,1.06175155312366,495,559,"S36_2011",348,3,"W","1.North","42.3_S36",102,209.920844327177,0.222941176470588,14.5747755166667,0.634499515,"Pre","1.North_Pre"
"496",1.24954892265847,1.317236550107,496,560,"S36_2011",348,4,"W","1.North","42.3_S36",99,227.097378277154,0.184137931034483,18.3982068933333,0.611398019,"Pre","1.North_Pre"
"497",1.57575146834204,-1.17067220656084,497,567,"S36_2011",349,3,"W","1.North","42.3_S36",105,307.295774647887,0.126785714285714,13.65901722,0.378025633,"Pre","1.North_Pre"
"498",1.98264375555475,1.6343420570967,498,568,"S36_2011",349,4,"W","1.North","42.3_S36",111,214.8125,0.2,18.2911609266667,0.827471856,"Pre","1.North_Pre"
